"SAMPLE","DateTime","DATE","TIME","Timepoint","CYT","CYTSN","OP","UV1-A_Gain","UV2-A_Gain","UV3-A_Gain","UV4-A_Gain","UV5-A_Gain","UV6-A_Gain","UV7-A_Gain","UV8-A_Gain","UV9-A_Gain","UV10-A_Gain","UV11-A_Gain","UV12-A_Gain","UV13-A_Gain","UV14-A_Gain","UV15-A_Gain","UV16-A_Gain","SSC-H_Gain","SSC-A_Gain","V1-A_Gain","V2-A_Gain","V3-A_Gain","V4-A_Gain","V5-A_Gain","V6-A_Gain","V7-A_Gain","V8-A_Gain","V9-A_Gain","V10-A_Gain","V11-A_Gain","V12-A_Gain","V13-A_Gain","V14-A_Gain","V15-A_Gain","V16-A_Gain","FSC-H_Gain","FSC-A_Gain","SSC-B-H_Gain","SSC-B-A_Gain","B1-A_Gain","B2-A_Gain","B3-A_Gain","B4-A_Gain","B5-A_Gain","B6-A_Gain","B7-A_Gain","B8-A_Gain","B9-A_Gain","B10-A_Gain","B11-A_Gain","B12-A_Gain","B13-A_Gain","B14-A_Gain","YG1-A_Gain","YG2-A_Gain","YG3-A_Gain","YG4-A_Gain","YG5-A_Gain","YG6-A_Gain","YG7-A_Gain","YG8-A_Gain","YG9-A_Gain","YG10-A_Gain","R1-A_Gain","R2-A_Gain","R3-A_Gain","R4-A_Gain","R5-A_Gain","R6-A_Gain","R7-A_Gain","R8-A_Gain","YellowGreen_LaserDelay","Violet_LaserDelay","Blue_LaserDelay","Red_LaserDelay","UV_LaserDelay","YellowGreen_AreaScalingFactor","Violet_AreaScalingFactor","Blue_AreaScalingFactor","Red_AreaScalingFactor","UV_AreaScalingFactor","UV1-A-% rCV","UV2-A-% rCV","UV3-A-% rCV","UV4-A-% rCV","UV5-A-% rCV","UV6-A-% rCV","UV7-A-% rCV","UV8-A-% rCV","UV9-A-% rCV","UV10-A-% rCV","UV11-A-% rCV","UV12-A-% rCV","UV13-A-% rCV","UV14-A-% rCV","UV15-A-% rCV","UV16-A-% rCV","SSC-H-% rCV","SSC-A-% rCV","V1-A-% rCV","V2-A-% rCV","V3-A-% rCV","V4-A-% rCV","V5-A-% rCV","V6-A-% rCV","V7-A-% rCV","V8-A-% rCV","V9-A-% rCV","V10-A-% rCV","V11-A-% rCV","V12-A-% rCV","V13-A-% rCV","V14-A-% rCV","V15-A-% rCV","V16-A-% rCV","FSC-H-% rCV","FSC-A-% rCV","SSC-B-H-% rCV","SSC-B-A-% rCV","B1-A-% rCV","B2-A-% rCV","B3-A-% rCV","B4-A-% rCV","B5-A-% rCV","B6-A-% rCV","B7-A-% rCV","B8-A-% rCV","B9-A-% rCV","B10-A-% rCV","B11-A-% rCV","B12-A-% rCV","B13-A-% rCV","B14-A-% rCV","YG1-A-% rCV","YG2-A-% rCV","YG3-A-% rCV","YG4-A-% rCV","YG5-A-% rCV","YG6-A-% rCV","YG7-A-% rCV","YG8-A-% rCV","YG9-A-% rCV","YG10-A-% rCV","R1-A-% rCV","R2-A-% rCV","R3-A-% rCV","R4-A-% rCV","R5-A-% rCV","R6-A-% rCV","R7-A-% rCV","R8-A-% rCV","UV1-A","UV2-A","UV3-A","UV4-A","UV5-A","UV6-A","UV7-A","UV8-A","UV9-A","UV10-A","UV11-A","UV12-A","UV13-A","UV14-A","UV15-A","UV16-A","SSC-H","SSC-A","V1-A","V2-A","V3-A","V4-A","V5-A","V6-A","V7-A","V8-A","V9-A","V10-A","V11-A","V12-A","V13-A","V14-A","V15-A","V16-A","FSC-H","FSC-A","SSC-B-H","SSC-B-A","B1-A","B2-A","B3-A","B4-A","B5-A","B6-A","B7-A","B8-A","B9-A","B10-A","B11-A","B12-A","B13-A","B14-A","YG1-A","YG2-A","YG3-A","YG4-A","YG5-A","YG6-A","YG7-A","YG8-A","YG9-A","YG10-A","R1-A","R2-A","R3-A","R4-A","R5-A","R6-A","R7-A","R8-A"
"082426",2026-08-24 09:45:59.92,2026-08-24,9H 45M 59.92S,"Unknown","Aurora","U0640","Admin",417,434,253,262,295,452,627,548,622,409,548,529,587,1132,988,1283,190,190,239,306,258,186,252,209,293,485,434,375,293,235,221,276,390,381,232,232,149,149,953,452,283,274,230,204,344,278,433,353,189,239,317,404,397,351,286,475,338,494,358,252,380,463,161,201,279,272,182,216,359,216,-40.325,-19.85,0,19.95,39.225,1.03,0.94,1.15,1.07,0.89,9.4,3.33,1.64,1.79,1.63,1.68,1.63,1.89,2.01,2.33,3.23,4.48,5.91,8.13,12.32,17.25,4.15,4.64,0.83,0.74,0.77,0.69,0.71,0.73,0.72,0.94,0.91,0.91,1.49,2.03,2.64,3.16,4.28,6.94,3.34,3.11,3.81,4.21,2.93,2.36,2.04,1.92,2.03,2.05,2.12,2.19,2.28,2.82,2.8,3.48,4.03,4.68,1.36,1.26,1.04,1.27,1.48,1.61,1.61,1.99,2.93,4.37,2.05,2.46,2.56,2.45,2.49,2.7,2.83,2.91,3803.34741210938,40612.47265625,94355.234375,104802.01171875,149728.3203125,214435.390625,282433,146900.375,106999.84375,48776.755859375,20606.2822265625,10178.0239257812,6562.28076171875,6790.1845703125,4147.90405273438,2739.03955078125,1881460,1811811,170429.4140625,413186.984375,488478.46875,503456.578125,473537.71875,342406.734375,370908.96875,200192.4765625,145462.5078125,145146.3203125,56994.5546875,29774.66015625,19958.298828125,16239.5751953125,11395.6528320312,4950.38696289062,1182980,1180826.0625,2026483,1958703.75,59595.09765625,55693.515625,153624.6875,202344.9921875,192400.765625,167270.953125,97928.96484375,70435.01953125,58025.412109375,30569.1083984375,19135.126953125,16006.205078125,10928.26953125,11415.1645507812,220648.53125,272150.25,311574.96875,194893.3359375,152220.421875,99925.8046875,102851.8046875,50425.998046875,34102.87109375,18162.392578125,132231.453125,261259.46875,213261.5234375,132008.4140625,120966.08203125,99501.62890625,88859.93359375,43142.029296875
"082126",2026-08-21 08:39:40.86,2026-08-21,8H 39M 40.86S,"Unknown","Aurora","U0640","Admin",395,413,240,249,279,428,597,519,590,389,519,499,555,1072,936,1214,189,189,236,304,256,184,250,207,290,482,431,373,289,232,218,273,385,378,232,232,148,148,953,450,280,271,229,203,340,275,429,351,187,236,313,400,394,350,285,470,335,489,354,249,375,457,157,198,277,270,181,215,358,216,-40.45,-19.875,0,19.975,39.225,1.02,0.94,1.16,1.07,0.88,9.04,3.46,1.9,2,1.93,2.01,1.83,1.93,2.08,2.48,3.41,4.48,5.72,7.59,11,16.11,3.6,3.94,0.9,0.72,0.77,0.76,0.69,0.65,0.68,0.86,0.91,0.98,1.39,1.98,2.52,2.84,4.68,7.37,2.78,2.73,4.29,4.81,2.8,2.34,2,1.85,2.08,1.82,2.02,2.23,2.32,2.85,2.78,3.33,4.31,4.51,1.38,1.26,1.13,1.23,1.57,1.68,1.89,2.09,3.06,4.21,2.03,2.31,2.32,2.38,2.36,2.56,2.78,3.03,3813.91174316406,40324.9765625,93394.76171875,104420.765625,147605.3671875,213389.9765625,281572.953125,145002.0234375,106504.046875,48573.75,20481.1669921875,10166.4233398438,6542.45727539062,6679.10180664062,4090.87951660156,2745.56701660156,1915581,1839843.8125,168311.5078125,410557.265625,486478.71875,501964.859375,471731.671875,338045.375,364668.671875,198005.7578125,144335.0390625,143826.6875,56614.2578125,29693.3203125,19831.68359375,16230.287109375,11357.875,4945.54174804688,1183752.5,1175239.3125,2022877.5,1964036.75,59647.783203125,55258.125,152981.9609375,199500.671875,193168.5859375,168151.46875,97106.8671875,70079.14453125,57599.857421875,30211.728515625,19049.423828125,15861.5405273438,10877.119140625,11277.1391601562,222179.2265625,270574.34375,313501.546875,192724.921875,150964.875,100478.1328125,102675.25390625,50141.064453125,33935.765625,18077.806640625,129341.609375,259480.1796875,214167.453125,130727.69140625,120658.9765625,99186.7421875,88765.875,43170.255859375
"082026",2026-08-20 08:44:17.78,2026-08-20,8H 44M 17.78S,"Unknown","Aurora","U0640","Admin",400,419,244,252,284,435,607,528,599,394,528,507,562,1086,946,1229,187,187,236,303,256,184,249,207,289,479,428,370,289,231,217,272,383,375,230,230,147,147,942,448,279,270,227,200,339,274,426,347,186,235,311,397,400,352,288,479,340,495,359,252,378,461,162,201,278,272,182,216,359,216,-40.45,-19.9,0,19.975,39.225,1.01,0.94,1.17,1.07,0.88,8.09,3.64,1.99,1.95,1.86,1.81,1.85,2.1,2.2,2.32,3.2,4.21,5.78,8.24,11.74,17.15,3.69,4.18,0.85,0.73,0.72,0.71,0.64,0.7,0.71,0.88,0.93,0.92,1.6,2.09,2.53,3.45,4.6,7.05,2.73,2.6,3.72,4.33,2.73,2.32,1.9,1.7,2.04,1.82,1.99,2.01,2.23,2.84,2.78,3.23,3.85,4.52,1.23,1.17,0.98,1.07,1.52,1.47,1.76,2.1,2.96,4.22,1.97,2.46,2.56,2.4,2.4,2.73,2.69,2.85,3785.25573730469,40907.0703125,94176.1796875,104515.27734375,149367.90625,213593.234375,282012.390625,145510.25,106947.84765625,48727.8203125,20694.5185546875,10225.9926757812,6553.37866210938,6709.68627929688,4108.62231445312,2714.85876464844,1905297.5,1825715.8125,169224.1171875,412544.515625,488390,503523.8125,468510.84375,338472.984375,366368.96875,199228.84375,144938.9921875,144622.453125,57065.341796875,29937.5283203125,19907.470703125,16271.447265625,11377.7534179688,4981.16796875,1181833.5,1175477.25,2036611.5,1978703.625,59436.8359375,55602.5390625,154774.140625,201380.8671875,193531.6640625,167161.3671875,98085,70809.48828125,57995.837890625,30548.927734375,19127.2861328125,15917.759765625,10875.060546875,11307.2509765625,224432.0546875,274041.4375,317139.421875,195606.3984375,154878,101975.55078125,103818.49609375,50773.623046875,34329.875,18229.2568359375,133906.1875,263366.59375,214869.2109375,132552.875,121768.359375,100208.1640625,89485.1328125,43353.564453125
"081926",2026-08-19 09:01:13.79,2026-08-19,9H 1M 13.79S,"Unknown","Aurora","U0640","Admin",403,423,245,254,285,438,611,531,604,397,532,511,568,1096,956,1242,187,187,235,302,255,183,248,206,288,478,428,370,288,231,217,272,383,374,229,229,146,146,941,446,278,269,227,200,339,274,426,348,186,235,312,398,405,358,292,485,344,502,363,255,383,466,162,202,280,273,183,217,361,217,-40.5,-19.925,0,19.95,39.175,1,0.94,1.17,1.07,0.89,8.43,3.78,2.39,2.35,2.4,2.47,2.33,2.45,2.56,2.67,3.48,4.22,5.85,7.67,11.35,18.5,3.22,3.67,0.78,0.7,0.65,0.66,0.65,0.69,0.64,0.85,0.95,0.91,1.63,2.22,2.67,3.28,4.56,6.64,2.36,2.19,3.75,4.09,2.69,2.16,1.8,1.58,1.9,1.68,1.84,1.96,2.14,2.59,2.67,3.38,4.06,4.87,1.54,1.34,1.12,1.29,1.59,1.68,1.82,2.07,2.86,3.72,2.22,2.54,2.57,2.57,2.54,2.85,2.9,3.09,3884.76647949219,41301.3671875,94064.34765625,104980.50390625,148627.5,212615.828125,280443.828125,147521.4765625,107043.46875,49099.4375,20593.2373046875,10233.2197265625,6639.70581054688,6799.37744140625,4212.25854492188,2848.33361816406,1921162.5,1716922.4375,171094.2421875,394401.9375,469194.0625,481068,470595.203125,328065.5,352529.046875,198346.9296875,144752.4765625,143553.7734375,54289.552734375,29980.7421875,19370.4326171875,16000.0922851562,11190.46484375,4890.34985351562,1176989,1169839.5,2033182.5,1871981.3125,62354.63671875,58451.734375,154879.109375,214329.4765625,204826.1875,175868.5,98985.2109375,75339.5859375,61804.408203125,31239.03515625,19660.27734375,16226.14453125,11181.1411132812,11721.1694335938,216462.65625,274652.59375,315961.25,196081.21875,150382.21875,101282.78125,101400.4375,49932.8125,33827.03125,17903.8125,128807.07421875,265023.03125,207129.40625,132137.1484375,117551.07421875,96783.9453125,87955.17578125,42567.4453125
"081826",2026-08-18 08:49:21.3,2026-08-18,8H 49M 21.3S,"Unknown","Aurora","U0640","Admin",418,434,254,261,295,443,603,506,556,401,558,648,827,1671,1513,1992,187,187,236,304,256,179,242,198,273,429,401,364,294,287,309,399,593,593,233,233,148,148,889,417,251,241,211,190,331,286,516,464,253,336,459,586,349,347,299,504,391,675,534,393,611,785,172,242,404,442,297,355,599,375,-40.35,-19.85,0,19.975,39.175,1.03,0.94,1.15,1.07,0.89,9.77,3.73,2.03,2.06,2.14,2.06,2.07,2.17,2.18,2.54,3.86,4.41,5.77,9.96,13.72,19.39,3.98,4.38,0.95,0.81,0.84,0.81,0.71,0.73,0.8,0.95,1.02,1.05,1.52,2.03,2.41,3.22,4.65,6.89,2.66,2.45,4.1,4.62,2.87,2.13,1.87,1.71,1.9,1.79,1.96,1.89,2.08,2.53,2.49,3.13,3.93,4.49,1.34,1.88,2.05,2.09,2.48,2.43,2.63,2.67,3.71,4.64,2.26,2.57,2.61,2.61,2.6,2.61,2.97,2.78,3822.36511230469,40902.84765625,96364.0390625,107218.30078125,153088.9765625,213412.0859375,273877.734375,138853.875,97085.609375,48117.927734375,21274.3388671875,12642.6977539062,9454.55908203125,10315.029296875,6425.25805664062,4397.19213867188,1904236.5,1838935.6875,170074.4609375,415047.3125,490679.4375,493663.21875,457568.375,328960.9375,345243.125,179178.984375,135758.5625,142544.8046875,57693.12890625,37221.998046875,28570,24167.4970703125,17687.626953125,7827.24560546875,1184792,1184816.875,2033177,1979529.0625,56311.951171875,51135.658203125,137698.15625,177724.5390625,177633.0078125,157863.15625,94386.9765625,73212.25390625,69453.83203125,39982.29296875,25957.0595703125,22483.9775390625,15861.1171875,16494.8994140625,198618.2265625,268730.375,328514.234375,209645.28125,178687.9375,141525.9375,156779.9765625,79917.62109375,56361.384765625,31487.36328125,143866.6328125,324623.8125,323059.21875,216760.546875,200934.1015625,167685.984375,150492.9296875,76748.1953125
"081726",2026-08-17 09:34:38.7,2026-08-17,9H 34M 38.7S,"Unknown","Aurora","U0640","Admin",377,394,226,235,265,405,571,494,560,367,497,477,531,1016,898,1149,188,188,237,307,257,185,251,209,290,483,433,376,291,234,221,275,389,380,234,234,149,149,964,457,281,275,231,204,347,282,432,357,190,241,317,405,386,346,282,471,332,483,352,247,371,452,158,199,277,270,180,214,356,215,-40.3,-19.825,0,19.95,39.3,1.05,0.94,1.14,1.07,0.89,9.23,3.33,1.54,1.67,1.57,1.63,1.64,1.82,1.84,2.16,2.96,4.19,5.87,7.76,11.52,18.07,3.86,4.28,0.9,0.82,0.83,0.78,0.71,0.8,0.75,0.92,0.98,0.98,1.4,1.74,2.41,2.88,4.52,8.1,3.34,2.95,4.06,4.72,2.73,2.25,1.89,1.82,2,1.95,2.03,2.01,2.39,2.78,2.74,3.15,4.29,4.88,1.55,1.31,1.19,1.43,1.81,2,2.09,2.19,2.81,3.8,2.09,2.44,2.24,2.58,2.51,2.64,2.95,2.89,3732.23889160156,40436.8984375,93479.9609375,103596.83984375,148402.140625,211692.3046875,283247.40625,146368.1953125,105632.734375,49025.802734375,20657.4853515625,10225.9458007812,6588.07958984375,6681.34887695312,4198.79443359375,2724.27734375,1891669,1826175.625,170638.71875,417228.09375,493299.390625,508327.484375,473849.828125,344998.265625,366505.03125,199094.2109375,145541.1328125,147530.890625,57743.798828125,30328.83203125,20264.9931640625,16424.7685546875,11533.7548828125,5020.0498046875,1183933,1172924.3125,2029993.5,1965281.8125,60971.328125,55489.224609375,152753.6875,201445.71875,193939.765625,167406.71875,98517.9453125,71886.6640625,57943.080078125,30866.96875,19160.69140625,16111.896484375,10928.4404296875,11334.6928710938,225187.1953125,286229.328125,330911.03125,200831.890625,157450.203125,102317.8671875,105310.62890625,51460.6015625,34729.41796875,18369.3779296875,130034.4296875,262606.203125,216134.9921875,131765.9921875,121392.8984375,100377.0390625,89707.64453125,43657.27734375
"081426",2026-08-14 08:43:51.77,2026-08-14,8H 43M 51.77S,"Unknown","Aurora","U0640","Admin",411,429,247,255,289,441,617,534,601,400,531,525,584,1132,994,1293,187,187,234,303,256,182,248,204,286,473,428,369,285,233,223,280,396,391,233,233,148,148,955,454,279,272,229,202,338,276,432,358,192,245,324,416,386,343,280,464,334,489,358,253,381,471,154,199,280,278,186,222,369,225,-40.325,-19.825,0,20,39.25,1.04,0.94,1.15,1.07,0.89,8.14,3.12,1.79,1.82,1.68,1.71,1.69,1.79,2.02,2.16,3.18,4.62,6.13,8.2,12.31,17.13,3.72,4.07,0.81,0.73,0.74,0.68,0.62,0.64,0.69,0.87,0.85,0.95,1.51,2.05,2.32,3.11,4.36,6.97,2.94,2.84,4.12,4.49,2.79,2.41,2.11,1.88,2.16,2.01,2.22,2.21,2.29,2.82,2.83,3.33,4.25,5.03,1.49,1.3,1.18,1.3,1.52,1.7,1.86,2.12,2.74,4.01,2.03,2.27,2.39,2.44,2.34,2.59,2.68,2.64,3854.6494140625,40871.6953125,93876.0625,104201.125,150023.28125,213688.90625,283557.59375,145639.765625,105255.703125,48616.578125,20374.2734375,10465.435546875,6694.26611328125,6921.59228515625,4256.828125,2911.49829101562,1888420,1814255.125,169958.75,414819.96875,490925.21875,502584.34375,471221.65625,337933.53125,364082.0625,197252.515625,145653.203125,145558.140625,56848.3671875,30235.466796875,20585.44921875,16895.4765625,11860.052734375,5188.078125,1186868,1178650.25,2028000,1969214.875,59451.96484375,55747.23828125,152647.6875,201510.453125,192962.34375,166587.109375,96948.9453125,71010.0078125,58530.359375,31108.07421875,19607.390625,16480.42578125,11213.1904296875,11751.11328125,222299.921875,272973.125,316812.34375,195123.796875,155846.109375,103204.3515625,106327.578125,52577.05078125,35801.12890625,19103.73828125,128742.2421875,263950.03125,220327.328125,136091.296875,126487.46875,104323.34375,93698.515625,45789.16796875
"081326",2026-08-13 09:35:26.17,2026-08-13,9H 35M 26.17S,"Unknown","Aurora","U0640","Admin",378,394,229,236,268,405,568,493,562,368,494,483,544,1055,930,1198,184,184,233,302,253,181,246,203,287,470,422,365,283,231,220,277,392,382,228,228,146,146,925,441,274,267,226,199,336,274,432,356,189,241,318,408,403,362,293,485,346,512,372,261,393,482,154,202,288,281,188,225,373,227,-40.525,-19.9,0,19.975,39.175,0.99,0.94,1.18,1.07,0.87,9.16,3.6,2.14,2.19,2,1.96,1.97,2.12,2.32,2.47,3.46,4.35,5.43,7.65,11.96,16.91,3.84,4.21,0.9,0.76,0.75,0.75,0.69,0.71,0.73,0.94,0.89,0.94,1.55,2.25,2.5,3.21,4.28,7.58,2.53,2.34,3.65,4.19,2.74,2.21,1.82,1.79,1.92,1.8,1.89,2.16,2.18,2.66,2.67,3.55,4.34,4.47,1.2,1.1,0.96,1.08,1.37,1.75,1.62,2.1,3.05,4.38,2.12,2.39,2.45,2.46,2.38,2.68,2.71,2.8,3778.18322753906,39920.06640625,93148.33203125,103545.828125,148440.1796875,209422.9609375,279953.265625,144578.34375,105957.796875,48158.38671875,20492.5458984375,10337.7231445312,6689.26879882812,6828.91796875,4313.47729492188,2851.68737792969,1901599,1820458.4375,168962.3828125,412562.28125,488507.25,500453.71875,468740.65625,336800.765625,365888.75,195357.671875,142555.640625,144512.9296875,56486.623046875,30377.333984375,20447.546875,16772.8544921875,11829.0166015625,5131.1201171875,1177337.5,1165449.1875,2035877.5,1980746.8125,59362.42578125,55350.533203125,153381.890625,201623.1953125,193641.8046875,167298.7421875,97972.703125,71700.671875,59738.41015625,31369.78515625,19719.484375,16583.4443359375,11251.6943359375,11824.109375,220828.7265625,275459.65625,318266.15625,195235.0859375,154645.1328125,104125.640625,105961.625,52400.765625,35624.69140625,18930.001953125,128196.69921875,267355.953125,224078.3515625,136693.4765625,127004.3828125,105204.77734375,93758.69921875,45727.46875
"081126",2026-08-11 08:35:15.41,2026-08-11,8H 35M 15.41S,"Unknown","Aurora","U0640","Admin",367,384,223,231,261,394,556,477,542,365,480,469,529,1020,901,1161,185,185,234,302,255,181,248,204,286,476,431,372,283,232,221,277,391,383,231,231,147,147,942,452,278,271,230,203,341,276,433,359,191,243,320,410,391,361,291,474,341,503,365,256,383,471,149,200,281,277,185,220,366,222,-40.4,-19.875,0,20,39.275,1.03,0.94,1.16,1.07,0.89,8.29,2.92,1.64,1.8,1.6,1.65,1.58,1.76,1.99,2.02,3.17,4.39,5.34,7.55,11.24,16.14,3.99,4.42,0.86,0.78,0.78,0.75,0.71,0.74,0.79,0.95,0.99,1,1.61,2.22,2.51,3.07,4.34,6.63,3.05,2.82,3.97,4.24,2.8,2.3,2.11,1.81,2.02,1.97,2.13,2.16,2.45,2.81,2.95,3.69,4.44,4.91,1.59,1.45,1.21,1.37,1.58,1.79,1.81,2.01,2.7,3.74,2.14,2.52,2.52,2.6,2.4,2.72,2.73,2.95,3839.65234375,41000.375,94466.1953125,104916.6640625,150420.375,213159.453125,283612.15625,144907.90625,105578.828125,50605.3359375,20609.455078125,10387.689453125,6734.33056640625,6905.9970703125,4306.23291015625,2845.91821289062,1889628,1814370.875,170586.59375,411984.53125,492202.28125,499445.03125,472909.71875,339367.84375,365343.53125,198054.640625,146541.34375,146953.296875,56441.78515625,30236.24609375,20429.15625,16785.837890625,11717.400390625,5137.9619140625,1184554,1178227.125,2025678,1969075.375,59019.1875,55914.96875,153172.34375,199995.640625,194381.375,169427.484375,97505.140625,71313.6484375,58648.20703125,31219.24609375,19528.27734375,16449.25390625,11173.7763671875,11719.75390625,223344,293024.34375,334767.25,199736.765625,158074.625,105353.265625,107756.2109375,53102.046875,35910.1875,19099.115234375,121794.296875,262152.875,216706.640625,133773.546875,123827.0625,102461.4453125,91947.71875,44713.2890625
"081026",2026-08-10 09:34:42.99,2026-08-10,9H 34M 42.99S,"Unknown","Aurora","U0640","Admin",379,392,226,234,265,400,564,484,549,368,486,472,529,1020,900,1162,187,187,234,303,256,182,249,206,288,478,432,372,286,232,220,275,389,384,234,234,148,148,952,457,281,273,231,204,344,278,433,357,191,242,319,409,382,350,283,463,331,488,355,250,375,462,151,198,277,273,181,216,360,218,-40.275,-19.775,0,19.975,39.2,1.05,0.94,1.14,1.07,0.9,8.72,3.52,1.75,1.85,1.76,1.71,1.79,1.84,1.92,2.34,3.32,4.55,5.6,7.93,11.92,17.63,3.8,4.25,0.83,0.71,0.8,0.74,0.69,0.72,0.72,0.88,0.93,0.94,1.57,2.03,2.44,3.15,4.61,6.97,3.22,3.1,4.08,4.57,2.92,2.48,2.02,1.88,2.07,2.05,2.2,2.2,2.57,3.01,2.86,3.5,4.4,4.6,1.69,1.56,1.33,1.6,1.92,1.95,1.99,2.38,3.12,4.59,2.05,2.31,2.52,2.46,2.58,2.68,2.78,3.07,3701.81115722656,39827.501953125,92848.109375,103346.95703125,147978.8359375,211684.0703125,279070.453125,144473.203125,103323.53125,46411.294921875,19465.6923828125,9704.20458984375,6340.16284179688,6535.12915039062,4051.59729003906,2677.42163085938,1899572,1835842.0625,170962.8046875,417890.78125,493689.890625,506015.59375,474710.453125,342778.046875,370148.1875,201032.171875,144724.4375,142551.9140625,55446.787109375,29543.05078125,19969.3349609375,16231.6108398438,11406.716796875,4974.7353515625,1179655.5,1171059.625,2018292.5,1965016.25,58661.802734375,55033.009765625,153805.953125,200295.546875,192036.3125,163958.0234375,95759.734375,69315.44921875,57224.06640625,30467.83203125,19053.5830078125,16023.876953125,10836.7250976562,11314.2944335938,216440.4375,251781.0625,280350.4375,176829.3515625,142406.421875,96291.80859375,98687.08203125,49130.251953125,33455.6640625,17863.26171875,125017.75390625,261441.078125,215075.21875,132783.0546875,122006.98828125,100930.62890625,90497.26171875,44000.748046875
"080626",2026-08-06 08:54:29.51,2026-08-06,8H 54M 29.51S,"Unknown","Aurora","U0640","Admin",375,392,226,235,266,402,569,494,556,364,492,477,528,1018,887,1144,186,186,232,301,254,182,247,205,288,474,424,367,286,229,216,270,380,374,233,233,147,147,950,456,279,271,229,202,345,278,429,353,188,237,314,402,387,342,280,472,332,479,348,245,365,449,161,200,275,269,180,214,355,215,-40.325,-19.825,0,19.975,39.225,1.04,0.94,1.15,1.07,0.89,9.46,3.18,1.62,1.59,1.6,1.7,1.74,1.73,1.84,2.13,3.12,4.31,5.64,7.65,11.45,15.88,4.09,4.59,0.87,0.74,0.8,0.73,0.71,0.76,0.74,0.92,0.93,0.97,1.48,2.11,2.56,3.3,4.4,7.59,2.68,2.59,3.76,4.34,2.65,2.24,1.93,1.72,1.9,1.87,2.1,1.96,2.19,2.74,2.82,3.25,4.14,5.01,1.4,1.36,1.13,1.29,1.54,1.87,1.81,2.15,2.81,4.3,2.14,2.5,2.56,2.53,2.48,2.73,2.59,2.94,3644.1181640625,39922.85546875,92627.6328125,103021.06640625,147574.5546875,210498.390625,282137.515625,145962.8359375,104615.46484375,45726.7265625,19705.4609375,9851.83544921875,6366.34790039062,6454.3115234375,4005.04870605469,2678.57189941406,1907683.5,1837173.625,169854.0234375,413358.890625,490082.46875,506532.140625,471306.8125,341232.015625,371455.265625,199116.6875,143560.15625,141562.984375,55866.951171875,29356.029296875,19659.21875,16057.0551757812,11206.244140625,4900.68627929688,1186921.5,1178490.75,2026665,1966268.0625,58599.458984375,55627.521484375,153890.046875,199868.4140625,191778.1484375,164063.8203125,96617.87109375,69875.640625,56902.900390625,30391.0126953125,18993.58203125,15756.88671875,10753.7690429688,11276.583984375,217754.40625,244533.2890625,276650.578125,178600.28125,142861.4765625,92730.3046875,96450.8046875,48055.23046875,32432.654296875,17311.69921875,131647.5078125,263048.21875,211676.078125,131272.421875,120717.16796875,99704.046875,88768.171875,43253.26953125
"80326",2026-08-03 09:35:11.58,2026-08-03,9H 35M 11.58S,"Unknown","Aurora","U0640","Admin",371,383,221,231,261,396,560,480,543,362,483,467,518,999,879,1141,186,186,232,300,252,182,248,204,289,476,423,370,286,229,216,270,381,376,232,232,148,148,946,458,280,273,231,202,345,277,434,356,189,238,315,402,389,345,281,476,335,485,350,245,365,452,160,199,276,271,180,214,355,215,-40.35,-19.85,0,20,39.275,1.04,0.94,1.15,1.07,0.89,8.83,3.45,1.81,1.83,1.76,1.86,1.94,2.01,2.21,2.47,3.55,4.49,5.89,7.73,11.26,16.58,3.99,4.35,0.87,0.85,0.84,0.76,0.75,0.81,0.77,0.98,0.94,0.99,1.57,2.18,2.61,3.13,4.62,8.03,2.99,2.85,4.29,4.75,3.04,2.45,2.22,1.88,2.12,1.95,2.15,2.26,2.35,2.97,3.06,3.58,4,4.75,1.59,1.49,1.17,1.37,1.74,1.83,1.79,2.12,3.01,4.21,1.99,2.4,2.42,2.45,2.57,2.71,2.78,3.07,3642.3984375,39364.61328125,91274.265625,102344.1875,146364.984375,210280.234375,281255.59375,143608,103231.265625,48311.09375,20471.470703125,10119.498046875,6471.044921875,6641.669921875,4131.76220703125,2724.357421875,1909629,1841110.375,170290.609375,414129.15625,491173.15625,507918.03125,476214.15625,341464.125,372159.375,199497.125,145269.109375,146487.875,57030.9296875,29906.82421875,20026.71875,16291.5849609375,11322.4287109375,4978.71435546875,1181032,1173756.25,2036106,1975488.125,59075.7890625,56409.21484375,153822.5625,202158.3125,195936.796875,166949.390625,98384.34375,71020.078125,58541.17578125,30756.96484375,19332.01171875,15996.1005859375,10919.861328125,11375.8212890625,224251.265625,269218.28125,311723.875,197279.921875,152953.15625,100372.5390625,103093.2890625,50546.546875,33936.00390625,17988.94140625,132936.890625,262341.96875,216285.6875,131836.78125,121195.4921875,99929.828125,88776.90625,43387.56640625
"72326",2026-07-23 08:49:36.44,2026-07-23,8H 49M 36.44S,"Unknown","Aurora","U0640","Admin",375,385,221,230,259,394,553,479,543,363,484,468,517,993,875,1134,184,184,231,300,252,180,246,203,287,471,421,367,285,228,215,269,380,377,230,230,141,141,934,447,275,268,226,199,340,275,429,349,186,236,312,399,375,333,272,458,320,472,337,237,354,441,159,198,272,268,178,212,352,213,-40.225,-19.775,0,19.975,39.325,1.06,0.93,1.14,1.07,0.91,9.15,3.5,1.85,1.98,1.95,1.98,1.88,2.05,2.03,2.31,3.32,4.49,5.74,7.39,10.91,15.89,3.95,4.16,1.84,1.88,2,2.01,2.04,2.14,1.99,1.97,1.99,1.84,1.54,2.09,2.51,3.07,3.76,6.95,2.5,2.31,3.85,4.35,2.93,2.23,1.89,1.71,1.97,1.84,2.09,2.13,2.56,2.79,2.84,3.53,4.4,4.76,1.5,1.52,1.31,1.48,1.86,2.07,2.03,2.25,3.2,3.82,2.14,2.52,2.69,2.55,2.57,2.72,2.79,2.84,3857.40478515625,40653.767578125,92590,103522.31640625,148251.265625,209962.828125,279475.9375,145872.1796875,104624.63671875,48858.7265625,20788.7236328125,10225.2436523438,6597.55712890625,6718.50170898438,4216.68432617188,2812.49731445312,1900692.5,1697990.4375,168623.8515625,394786.109375,465581.4375,474499.546875,468111.234375,324431.046875,349714.5,196817.7578125,141697.7109375,142789.2109375,53775.447265625,29689.37890625,19292.35546875,15843.421875,11092.2265625,4859.27905273438,1175487,1160528.8125,2038475.5,1876985.75,62933.166015625,59520.5390625,152913.5390625,214124.453125,204748.453125,175251.2421875,99411.66796875,75533.44140625,62134.736328125,31346.0810546875,19719.2568359375,16299.2919921875,11234.34375,11725.7548828125,213408.6640625,269960.15625,312433.234375,194487.7578125,146802.109375,101630.7421875,100026.296875,49271.677734375,33216.6875,17711.6376953125,128583.4453125,262573.0625,202736.0859375,130610.79296875,115788.6875,95744.5078125,86528.6640625,42133.759765625
"72026",2026-07-20 09:17:00,2026-07-20,9H 17M 0S,"Unknown","Aurora","U0640","Admin",366,385,222,231,265,405,560,480,548,361,470,459,511,983,842,1154,212,212,233,301,253,181,246,204,286,477,429,371,279,227,212,265,365,379,216,216,129,129,849,425,278,265,224,197,336,271,418,346,182,231,307,426,395,349,286,469,331,482,342,240,355,443,156,195,268,260,175,208,344,218,-40.325,-19.825,0,19.95,39.225,1.04,0.94,1.15,1.07,0.9,8.91,3.05,1.78,1.81,1.72,1.62,1.66,1.78,2.02,2.24,2.89,4.41,5.62,7.76,11.47,17.27,4.38,4.75,1.73,1.69,1.86,1.83,1.86,1.93,1.77,1.9,1.8,1.8,1.73,1.92,2.44,2.72,4.17,6.75,2.8,2.72,4.31,4.5,2.88,2.33,2.23,2.09,2.34,2.31,2.37,2.57,2.73,3.17,3.33,3.51,4.59,4.86,1.24,1.1,1.01,1.18,1.48,1.74,1.62,2.12,3.35,4.4,2.11,2.55,2.43,2.67,2.54,2.59,2.82,2.88,3764.17236328125,40432.845703125,93582.8515625,104127.30078125,151800.4453125,216596.390625,285598.890625,145746.1640625,106726.10546875,48606.15625,20219.4091796875,10006.3305664062,6469.35546875,6616.14624023438,4025.12426757812,2833.58483886719,2184400,2109322.125,170064.828125,413974.25,489837.953125,502292.015625,470638.015625,341076.953125,368355.3125,203749.375,147999.625,148158.1875,56485.11328125,30006.5595703125,19908.654296875,16267.5073242188,11091.3696289062,5104.193359375,1102892,1096937.125,1900025,1839261.1875,54366.484375,53918.345703125,157237.875,201395.7578125,193911.5546875,167074.1171875,98387.828125,71086.32421875,57375.96875,30730.9326171875,19056.0751953125,15895.919921875,10878.8237304688,12461.919921875,223782.171875,270777.9375,313908.609375,194191.6640625,150824.0625,100062.2421875,101376.44140625,49715.876953125,33010.7421875,17459.130859375,129574.65234375,257034.515625,209144.0625,127572.09375,117901.6328125,97115.2265625,85762.76953125,43890.3125
"71726",2026-07-17 08:48:05.32,2026-07-17,8H 48M 5.32S,"Unknown","Aurora","U0640","Admin",367,385,222,232,266,405,561,480,551,365,472,463,513,986,844,1139,210,210,231,299,251,180,244,203,284,476,431,373,279,228,213,266,366,372,215,215,128,128,849,424,276,264,225,198,335,272,420,346,182,231,306,418,397,357,291,470,333,485,344,242,359,440,154,196,269,261,175,209,344,214,-40.425,-19.875,0,20,39.34999,1.03,0.94,1.15,1.07,0.89,9.07,3.11,1.87,1.87,1.93,1.72,1.8,1.98,2.1,2.24,3.46,3.97,5.47,8.4,11.01,16.08,4.29,4.52,2.06,2.03,2.07,2.24,2.29,2.3,2.13,2.14,2.04,1.85,1.64,2.04,2.5,2.92,3.89,6.87,2.95,2.76,4.18,4.4,3.02,2.55,2.16,2.06,2.21,2.25,2.41,2.61,2.44,3.07,3.24,3.59,4.48,5.21,1.32,1.33,1.18,1.35,1.73,1.83,1.94,2.31,3.09,4.42,1.94,2.3,2.39,2.4,2.37,2.57,2.79,2.82,3818.82312011719,40772.70703125,93858.62109375,104410.625,150999.0703125,215517.609375,284255.703125,145827.328125,106324.84765625,49587.40625,20129.82421875,10125.4189453125,6550.7060546875,6633.28125,4095.94689941406,2852.33874511719,2199959.5,1978321.1875,171472.7734375,397142.796875,468754.65625,481655.8125,471174.84375,328594.5625,351453.875,199863.4765625,147634.0546875,147146.9765625,53635.63671875,30477.58984375,19484.1435546875,16041.9521484375,10932.0532226562,4941.13916015625,1095380,1087860.625,1896005.5,1736217.6875,57069.8984375,56910.515625,155600.4609375,213541.5234375,206103.8203125,176683.125,99252.04296875,76330.78125,61642.046875,31275.830078125,19504.3955078125,16145.568359375,11096.1704101562,12589.912109375,217695.484375,281456.3125,324175.984375,196853.171875,150758.0390625,102211.88671875,101450.62109375,49878.103515625,33216.083984375,17146.087890625,124998.54296875,261989.6484375,201426.1328125,128377.703125,114497.26171875,95237.9296875,84672.046875,42589.447265625
"71626",2026-07-16 08:28:44.14,2026-07-16,8H 28M 44.14S,"Unknown","Aurora","U0640","Admin",368,390,223,234,267,410,565,485,548,362,476,467,514,986,849,1131,211,211,230,297,250,180,244,202,283,472,422,363,279,225,211,264,363,367,218,218,129,129,865,433,279,267,225,196,341,272,419,348,184,233,310,418,380,329,270,455,317,462,329,236,354,435,165,198,268,261,176,209,343,211,-40.25,-19.775,0,20.025,39.325,1.06,0.94,1.14,1.07,0.91,9.07,3.24,1.77,1.79,1.77,1.59,1.65,1.81,2.14,2.07,3.03,4.49,5.6,7.62,11.91,17.84,4.46,4.76,1.76,1.86,1.89,2.01,1.95,2.08,1.94,1.92,1.84,1.71,1.66,1.82,2.45,3.05,4.26,6.9,2.9,2.69,4.02,4.52,2.92,2.45,2.09,1.98,2.21,2.09,2.31,2.5,2.6,3.02,3.11,3.65,4.58,4.92,3.26,2.77,2.67,2.65,2.79,2.64,2.48,2.19,2.59,3.64,2.09,2.21,2.36,2.51,2.3,2.61,2.7,3.1,3678.70971679688,40345.296875,93314.31640625,105366.08984375,152699.625,218623.78125,284443.21875,146912.96875,105976.09765625,49119.3984375,20384.5458984375,10246.716796875,6499.42724609375,6611.5478515625,4030.83776855469,2764.693359375,2187151.5,2111912.125,170929.4765625,414754.359375,491559.546875,504287.25,471504.140625,342140.71875,368077.375,202548.640625,145823.234375,148288.65625,57106.01171875,30446.7265625,20103.2431640625,16467.619140625,11141.3325195312,4976.62719726562,1105449,1093344.0625,1901805.5,1851018.875,54861.90625,54169.607421875,156820.140625,202843.6015625,195234.0078125,166890.453125,99432.34765625,71755.60546875,57990.083984375,30949.8896484375,19164.2666015625,15930.2138671875,10928.5043945312,12054.2739257812,220207.953125,266434.328125,311312.84375,195883.546875,151593.8359375,98763.0859375,101239.61328125,49939.33984375,32917.015625,17146.6474609375,138618.2109375,266679.734375,212077.03125,129526.6171875,120581.1015625,99421.40234375,87326.87109375,43375.076171875
"71326",2026-07-13 09:03:45.74,2026-07-13,9H 3M 45.74S,"Unknown","Aurora","U0640","Admin",366,389,225,232,267,410,564,489,546,368,478,472,521,996,852,1139,207,207,228,297,250,178,243,200,280,470,425,370,277,228,213,265,364,365,214,214,127,127,854,421,274,264,224,197,336,271,419,347,183,232,308,417,398,358,291,476,334,484,347,245,365,443,157,198,273,263,178,211,348,214,-40.5,-19.925,0,20,39.3,1.02,0.94,1.16,1.07,0.89,9.85,3.65,2.05,2.25,2.15,2.14,2.08,2.36,2.31,2.47,3.23,4.21,5.65,8.28,10.88,17.42,4.48,4.66,1.79,1.72,1.8,1.91,1.85,1.97,1.93,1.97,1.81,1.85,1.66,1.92,2.42,3,4.02,6.5,2.86,2.64,4.2,4.61,2.97,2.63,2.09,1.91,2.32,2.23,2.38,2.47,2.77,3.27,3.18,3.98,4.53,5.02,1.43,1.41,1.22,1.35,1.73,1.83,1.99,2.06,2.72,4.19,2.12,2.48,2.52,2.61,2.25,2.6,2.88,2.96,3771.88916015625,40876.513671875,94434.89453125,104926.046875,153468.9296875,219159.2890625,284912.640625,147452.390625,106069.9375,49803.8125,20446.8232421875,10307.3286132812,6621.50903320312,6743.2021484375,4046.20263671875,2778.67358398438,2183135.5,2102191.875,169550.1484375,415617.375,493181.53125,501453.5625,472869.34375,340949.765625,366248.703125,201111.4140625,148285.984375,150549.8515625,57630.349609375,30962.5078125,20452.646484375,16672.1171875,11256.396484375,5060.60083007812,1098658.5,1091019.625,1889374,1827729.25,55788.759765625,53395.43359375,154747.796875,202017.2578125,194474.3359375,167870.1875,99002.62890625,71608,58392.90625,31261.494140625,19259.4189453125,16049.625,10996.7607421875,12124.76171875,223196.328125,279676.296875,324219.421875,199588.4609375,155446.5546875,101805.85546875,104548.0703125,51133.359375,33957.775390625,17440.4873046875,130597.75,263754.96875,215072.578125,129575.30078125,120353.00390625,99364.0390625,87830.2109375,43539.60546875
"71026",2026-07-10 08:45:01.19,2026-07-10,8H 45M 1.19S,"Unknown","Aurora","U0640","Admin",367,386,221,231,265,404,561,485,545,363,474,458,510,974,840,1129,207,207,228,295,250,178,243,199,281,467,422,364,276,224,210,260,360,370,217,217,129,129,867,430,279,267,225,198,337,273,418,344,183,231,308,421,381,336,276,454,317,459,329,233,350,433,157,195,269,257,174,207,341,213,-40.35,-19.825,0,20.025,39.375,1.05,0.94,1.14,1.07,0.91,8.93,3.91,2.26,2.27,2.2,2.2,2.1,2.27,2.39,2.72,3.94,4.64,6.72,8.85,12.85,17.53,4.41,4.59,1.92,1.88,1.99,2.02,2.09,2.17,2.11,1.97,2.11,1.88,1.75,2.25,2.62,3.28,4.48,7.33,3.09,3.05,4.6,5.08,3.59,2.76,2.47,2.23,2.56,2.4,2.68,2.83,2.88,3.41,3.42,3.97,4.69,5.46,1.82,1.68,1.47,1.62,1.94,2.11,2.15,2.45,3.1,4.42,2.27,2.71,2.81,2.86,2.79,2.94,3.06,3.19,3739.48364257812,40696.951171875,92827.515625,103754.359375,151680.765625,216416.5546875,285316.625,147694.171875,106532.34765625,49128.822265625,20208.1806640625,10009.1000976562,6530.03149414062,6614.29467773438,4008.78564453125,2819.87023925781,2161598,2083052.125,170578.609375,413877.046875,495173.203125,504466.46875,475993.609375,339209.28125,367734.1875,201688.6484375,147128.703125,149043.71875,56742.34375,30231.9189453125,20165.830078125,16289.2299804688,11155.7309570312,5085.60693359375,1107231,1100576.75,1913420,1854907.625,54576.439453125,54284.451171875,157139.203125,203222.78125,195433.390625,168145.0625,98489.21875,71910.93359375,57180.150390625,30662.447265625,19167.7880859375,15906.1303710938,10959.4638671875,12312.9638671875,222354.796875,270271.21875,313757.796875,195029.6328125,150879.15625,98606.1640625,101197.99609375,49688.041015625,33230.044921875,17382.2353515625,132250.5546875,260585.5703125,211032.2578125,127555.41015625,118822.36328125,97888.44140625,85951.16015625,43429.3125
"70926",2026-07-09 08:49:52.45,2026-07-09,8H 49M 52.45S,"Unknown","Aurora","U0640","Admin",382,409,238,245,281,434,594,512,582,388,509,498,548,1042,897,1197,205,205,228,295,249,178,241,199,280,465,420,364,276,224,211,264,362,362,213,213,128,128,846,425,276,265,222,195,332,270,419,342,182,231,307,414,402,361,294,481,340,492,353,248,368,443,161,200,276,265,179,212,349,213,-40.475,-19.9,0,20,39.25,1.01,0.94,1.17,1.07,0.9,9.16,3.94,2.43,2.54,2.54,2.54,2.46,2.5,2.55,3.18,3.95,4.79,6.91,9.39,13.15,18.94,4.25,4.5,2.02,1.93,2.09,2.07,2.05,2.14,2.13,2.05,1.96,1.92,1.83,2.27,2.92,3.36,4.76,7.87,3,2.88,4.68,5.06,3.5,2.83,2.43,2.26,2.61,2.48,2.7,2.82,3.14,3.41,3.51,4.32,5,5.46,2.35,2.27,1.9,2,2.39,2.43,2.26,2.43,3.21,4.35,2.23,2.67,2.72,2.92,2.79,2.99,3.07,3.36,3747.16271972656,41471.537109375,95483.03125,106098.78125,154266.09375,223442.3671875,290735.953125,147556.9453125,108470.5390625,50133.9375,20849.89453125,10339.9360351562,6685.17065429688,6717.6865234375,4114.30932617188,2844.90856933594,2163075,2083370.0625,170061.53125,412805.078125,490178.625,503414.8125,470075.625,338860.890625,367668,202098.765625,147116.6015625,148884.109375,56660.712890625,30107.046875,20159.0986328125,16462.97265625,11203.5307617188,5002.88720703125,1097341.5,1086186.875,1907080.5,1853643.4375,54673.5703125,54264.08984375,158147.765625,204318.484375,194357.3828125,167707.3671875,98644.453125,72033.2421875,58968.759765625,31082.0703125,19319.103515625,16120.7485351562,11009.2607421875,12211.9130859375,222018.8671875,274571.859375,316846.09375,195937.5078125,153589.6328125,99633.34765625,102587.41015625,50368.3828125,33489.5546875,17088.03515625,132667.2265625,261914.7578125,214294.3984375,127925.328125,119478.08203125,98047.59375,86440.80859375,42654.314453125
"70826",2026-07-08 09:01:50.63,2026-07-08,9H 1M 50.63S,"Unknown","Aurora","U0640","Admin",368,390,225,234,266,411,570,488,553,366,485,469,523,997,862,1148,208,208,228,295,250,177,243,200,280,465,420,365,277,225,211,264,363,365,216,216,128,128,853,428,279,266,225,197,339,273,421,347,185,234,311,418,392,346,281,470,330,476,342,242,361,437,161,200,272,262,177,210,345,213,-40.425,-19.875,0,20,39.325,1.05,0.94,1.15,1.07,0.91,9.08,3.04,1.64,1.69,1.62,1.68,1.63,1.8,1.9,2.04,3,4.08,5.33,8.41,11.49,16.2,4.09,4.21,1.6,1.61,1.74,1.73,1.79,1.82,1.7,1.73,1.7,1.54,1.53,2,2.41,2.78,4.1,7,2.48,2.39,3.82,4.07,2.97,2.27,1.99,1.86,2.06,2.02,2.22,2.39,2.5,2.8,2.88,3.7,4.28,4.92,2.72,2.39,2.24,2.29,2.27,2.36,2.31,1.95,2.39,3.99,1.93,2.25,2.26,2.33,2.23,2.42,2.54,2.63,3702.54467773438,40277.62890625,94145.4921875,105476.8046875,151214.078125,218340.65625,288672.625,147000.328125,107502.7578125,49565.08984375,20640.857421875,10240.0126953125,6591.59521484375,6650.41015625,4087.27563476562,2747.46704101562,2185528,2110073,170772.03125,413837.28125,495594.6875,504886.71875,475747.8125,342765.5625,368300.90625,202179,147263.140625,149409.546875,57532.5859375,30602.39453125,20248.8046875,16553.29296875,11169.0654296875,5033.03076171875,1101224,1088782.5,1898821,1847117.5,55094.46484375,53889.99609375,158181.421875,204592.265625,196782.9375,167860.59375,100148.3125,72297.90625,58460.171875,31248.0859375,19437.08203125,16146.45703125,11089.46875,12200.1025390625,224298.71875,273099.9375,316860.78125,197844.96875,154114.4375,100280.953125,103308.109375,50806.046875,33647.42578125,17216.18359375,134570.796875,266705.8125,212904.4375,128343.2265625,120149.828125,98725.859375,86783.0625,43265.55078125
"70726",2026-07-07 08:24:07.85,2026-07-07,8H 24M 7.85S,"Unknown","Aurora","U0640","Admin",346,367,209,220,252,383,531,458,519,348,447,440,489,936,812,1140,207,207,228,295,248,177,241,199,279,465,424,365,271,222,210,261,365,385,217,217,129,129,849,424,277,266,225,198,333,269,422,345,183,232,311,442,386,350,282,459,321,466,337,239,361,461,149,189,266,259,174,207,345,224,-40.275,-19.8,0,20,39.35,1.05,0.94,1.14,1.07,0.9,8.34,3.18,1.61,1.54,1.46,1.52,1.59,1.59,1.69,1.99,2.96,4.19,5.64,7.5,10.12,16.22,4.35,4.59,1.84,1.75,1.98,2.03,2.04,2.07,2.01,1.94,1.89,1.71,1.65,1.88,2.35,2.91,3.83,6.25,2.94,2.74,4.01,4.1,2.82,2.43,1.99,1.98,2.26,2.26,2.4,2.5,2.73,2.96,3.22,3.65,4.45,5.04,1.48,1.41,1.2,1.44,1.81,2,1.84,2.25,2.9,3.93,2.12,2.44,2.57,2.68,2.42,2.76,2.85,3.05,3680.20532226562,40216.0390625,93409.77734375,104842.73828125,150610.0625,216989,282279.859375,144561.8515625,105106.06640625,49139.42578125,19896.9619140625,10123.6396484375,6516.44213867188,6597.47583007812,4069.26025390625,2929.33129882812,2174910,2100066.25,171331.3828125,414873.484375,493002.1875,505747.90625,472965.09375,340627.1875,365192.46875,202405.5625,149302.3046875,149709.2890625,56501.029296875,30075.6083984375,20230.205078125,16391.5576171875,11339.107421875,5287.794921875,1106614,1097333.8125,1910726,1843765,53673.01171875,53363.673828125,155390.2578125,203151.59375,195045.1171875,167989.90625,96915.72265625,70863.2421875,57882.595703125,30512.716796875,19031.91015625,15843.3466796875,11036.8134765625,12746.474609375,224883.6640625,280276.859375,321080.96875,198176.7421875,153100.28125,100524.42578125,103433.890625,50769.896484375,33984.90234375,18301.794921875,125951.1328125,252957.359375,211067,128776.01171875,118751.9609375,97726.78125,86904.3671875,45496.767578125
"70626",2026-07-06 09:46:51.49,2026-07-06,9H 46M 51.49S,"Unknown","Aurora","U0640","Admin",382,411,236,246,282,432,591,517,577,385,509,496,546,1042,904,1212,203,203,227,295,249,177,242,199,279,465,420,365,276,224,210,261,359,362,212,212,126,126,838,418,271,260,220,192,329,266,416,340,180,228,304,415,408,361,295,488,343,489,353,248,368,448,163,201,277,268,181,214,354,217,-40.525,-19.95,0,20.05,39.35,0.99,0.94,1.18,1.07,0.87,7.7,3.44,2.05,2.06,2,2.05,2.07,2.08,2.18,2.43,3.54,4.59,6.1,8.17,10.9,17.2,3.9,4.09,1.51,1.48,1.56,1.57,1.61,1.67,1.65,1.65,1.51,1.39,1.55,2.01,2.26,2.86,3.87,7.03,2.5,2.52,4.18,4.24,3.04,2.46,2.16,2.07,2.35,2.33,2.48,2.48,2.75,3.01,3.29,3.83,4.71,4.72,1.19,1.19,1.09,1.15,1.44,1.67,1.76,2.09,2.99,4,2.08,2.43,2.46,2.51,2.63,2.71,2.81,2.98,3727.90014648438,41161.0625,93265.5546875,104468.6953125,151894.4375,217264.40625,281213.09375,147448.53125,105189.71875,49408.87890625,20518.171875,10153.98828125,6508.05419921875,6518.29296875,4047.93017578125,2808.16918945312,2162823,2080666.25,168079.1875,411296.625,487901.8125,501976.875,468878.75,337847.15625,363224.9375,201056.328125,146703.984375,148933.953125,56572.22265625,30074.896484375,20088.001953125,16274.935546875,11071.6826171875,5054.15087890625,1098548,1094242.875,1887051,1823219,54992.21484375,53100.16015625,155476.28125,200644.28125,193458.21875,167020.640625,97874.484375,71604.75,58182.12109375,30762.16015625,19150.298828125,15951.544921875,10956.0849609375,12282.3916015625,222676.90625,273543.5,315661.5625,197947.984375,152515.578125,99274.28125,101997.2265625,50127.25390625,33345.8671875,17378.39453125,132545.90625,258679,211294.796875,127707.8515625,119316.65625,97765.9765625,86751.1953125,42988.76171875
"70226",2026-07-02 08:45:04.97,2026-07-02,8H 45M 4.97S,"Unknown","Aurora","U0640","Admin",357,377,216,227,259,394,544,470,527,358,454,448,501,966,846,1296,204,204,226,292,247,176,239,197,276,460,423,365,262,217,207,256,364,437,213,213,126,126,840,417,270,259,221,194,323,259,407,338,179,227,309,482,403,368,297,468,327,477,348,248,380,546,137,180,263,261,174,207,352,259,-40.45,-19.875,0,20.025,39.3,1.01,0.94,1.17,1.07,0.89,8.07,3.3,1.87,1.85,1.88,1.83,1.84,2.05,2.1,2.21,3.26,4.01,5.17,7.24,11,17.34,3.9,4.13,1.63,1.62,1.71,1.77,1.83,1.84,1.78,1.83,1.55,1.55,1.63,1.9,2.58,2.83,4.34,6.48,2.73,2.65,4.11,4.28,3.19,2.41,2.19,2.18,2.35,2.31,2.57,2.55,2.81,3.16,3.39,3.58,4.67,5,2.16,1.92,1.73,1.89,2.14,2.05,2.16,1.96,2.59,3.79,2.04,2.28,2.42,2.41,2.56,2.55,2.76,3.13,3697.70153808594,40872.3828125,93644.48828125,105059.3203125,152959.6875,217023.78125,284172.1875,145520.671875,104140.7578125,49859.5078125,19759.255859375,10070.8793945312,6491.47875976562,6572.84692382812,4131.49438476562,3241.7744140625,2190583,2107197,169804.6796875,411092.171875,488153.46875,502134.125,467924.96875,337613.28125,361877.328125,200084.34375,149519.0546875,149796.765625,54595.46875,29152.69140625,19896.2060546875,16142.453125,11292.6103515625,6033.82397460938,1098528,1085713.625,1903259,1844235.5625,54483.177734375,53013.248046875,155407.6953125,200573.2421875,194892.1640625,168152.921875,96603.84765625,69215.578125,57298.177734375,30617.5068359375,18978.4697265625,15820.28515625,11109.6557617188,14234.0463867188,223184.59375,285153.875,325208.640625,193605.7890625,148889.7421875,98082.77734375,102387.5234375,50180.935546875,34168.27734375,20924.873046875,115578.91015625,237878.7734375,205575.25,126689.2421875,116632.07421875,96183.0234375,87552.71484375,51812.08984375
"70126",2026-07-01 09:27:27.26,2026-07-01,9H 27M 27.26S,"Unknown","Aurora","U0640","Admin",360,380,217,227,261,397,552,474,539,361,467,453,505,968,832,1139,204,204,225,292,248,177,241,197,278,464,423,363,271,222,209,258,358,371,214,214,126,126,847,424,274,264,224,195,332,269,416,340,181,229,305,421,403,358,291,473,332,482,346,246,372,459,156,196,270,262,176,209,346,218,-40.425,-19.875,0,20.025,39.325,1.02,0.94,1.16,1.07,0.9,8.88,3.77,2.48,2.54,2.53,2.51,2.51,2.58,2.7,2.74,3.64,5.01,6.05,8.9,12.58,18.51,4.54,4.96,1.65,1.74,1.87,1.93,1.96,1.97,1.86,1.82,1.73,1.73,1.57,2.18,2.38,2.97,4.1,6.46,2.69,2.66,4.22,4.48,2.96,2.55,2.29,2.21,2.42,2.25,2.47,2.62,2.86,3.28,3.28,3.86,4.48,5.13,1.72,1.58,1.39,1.49,1.89,2.02,1.89,2.1,2.69,3.99,2.07,2.37,2.48,2.47,2.58,2.66,3.01,2.8,3462.33154296875,37133.40625,85295.92578125,94652.82421875,137992.3125,198466.5078125,260368.53125,133262.390625,97267.25390625,44955.59375,18407.96484375,9162.90869140625,5972.75244140625,5962.72778320312,3661.53100585938,2583.0888671875,2217368,2123884.25,168298.1328125,410627.609375,492259.09375,505846.5,472729,337785.375,365934.609375,202471.5859375,149495.9296875,149676.453125,56489.91796875,30005.0986328125,20183.8828125,16277.0112304688,11135.8530273438,5175.24462890625,1109563,1089982.25,1901069,1811205.875,53928.482421875,53627.673828125,154706.4765625,202151.359375,193906.25,165741.328125,97510.2421875,71131.76171875,57251.9140625,30312.8994140625,18949.9765625,15769.15234375,10832.521484375,12278.8715820312,225191.8984375,274158.046875,318060,198341.7265625,154170.546875,100942.4140625,102841.71484375,50525.72265625,34151.84375,17887.5185546875,128471.171875,256538.65625,209071.9375,125897.2421875,117032.90625,96539.171875,85330.83203125,43423.888671875
"63026",2026-06-30 08:29:05.8,2026-06-30,8H 29M 5.8S,"Unknown","Aurora","U0640","Admin",385,406,235,244,279,426,589,506,578,384,502,488,539,1034,887,1201,203,203,226,290,247,175,241,197,278,465,423,362,273,224,209,260,360,366,214,214,126,126,848,423,275,264,222,196,331,270,419,341,182,231,307,418,394,351,285,469,328,477,343,245,368,449,159,198,271,263,177,210,347,215,-40.425,-19.875,0,20,39.3,1.02,0.94,1.16,1.07,0.9,8.67,3.25,1.92,1.88,1.94,1.92,2.06,2.19,2.24,2.47,3.45,4.17,5.93,8.54,10.64,18.17,4.12,4.37,1.42,1.4,1.52,1.52,1.59,1.66,1.56,1.52,1.56,1.4,1.53,1.89,2.38,2.91,4.19,6.64,2.54,2.43,4.02,4.31,2.76,2.29,1.96,1.9,2.1,2.05,2.15,2.21,2.62,3.07,2.99,3.66,4.58,5.16,1.45,1.39,1.29,1.41,1.84,1.99,2,2.25,3.03,4.2,2.08,2.4,2.48,2.66,2.42,2.6,2.87,2.77,3732.14123535156,40732.97265625,93447.84375,104102.24609375,150828.0390625,215729.3125,282807.40625,145630.828125,105523.421875,48935.4609375,20280.08203125,10016.927734375,6449.69311523438,6543.41333007812,4003.14196777344,2730.70593261719,2151331.5,2066505.5625,168979.421875,409393.609375,486298.453125,495871.234375,471469.65625,337179.15625,364789.859375,202155.8984375,149220.1328125,147677.7421875,56947.783203125,30218.3837890625,20098.728515625,16319.8510742188,11168.1333007812,5068.2529296875,1102372,1091043.6875,1885846.5,1815234.5625,54400.619140625,53372.650390625,155087.8984375,202869.921875,193113.8125,167990.8671875,97915.4453125,71600.35546875,58423.416015625,30374.8544921875,19159.705078125,15962.6650390625,10905.2797851562,12197.0346679688,223073.2890625,276546.09375,316643.46875,196558.328125,152740.5,99463.734375,102146.0546875,50227.919921875,33515.390625,17366.314453125,130590.59375,258395.4609375,208173.7890625,127180.140625,117539.34765625,96772.7890625,85600.28125,42881.25
"62926",2026-06-29 09:59:59.59,2026-06-29,9H 59M 59.59S,"Unknown","Aurora","U0640","Admin",360,381,223,231,263,405,555,480,540,362,465,457,510,979,841,1202,202,202,226,291,247,176,241,198,277,459,415,360,264,218,205,256,357,388,211,211,126,126,824,413,269,259,219,190,325,259,405,333,177,225,301,439,414,365,297,484,336,487,353,249,376,498,154,192,271,262,177,210,351,237,-40.575,-19.95,0,20.05,39.325,0.98,0.94,1.19,1.07,0.88,8.93,3.5,2.08,2.24,2.22,2.06,2.24,2.17,2.44,2.53,3.61,4.7,6.39,8.49,13.05,16.99,4.19,4.39,1.49,1.51,1.48,1.55,1.43,1.6,1.57,1.61,1.58,1.63,1.74,2.19,2.65,3.26,4.71,7.47,2.73,2.82,4.79,5.14,3.28,2.85,2.46,2.41,2.75,2.6,2.95,2.97,3.27,3.41,3.81,4.5,5.2,5.54,1.24,1.14,0.99,1.29,1.64,1.94,1.94,2.26,3.19,4.94,2.32,2.77,2.83,2.85,2.73,3.26,3.22,3.3,3874.62182617188,41402.4375,94782.140625,105461.109375,152270.796875,219519.75,285553.6875,147716.09375,106340.4140625,49988.77734375,20116.39453125,10129.61328125,6568.572265625,6617.4091796875,4091.193359375,2994.02880859375,2161173,2074560.875,167840.296875,407370.125,484106.6875,497519.8125,469035.21875,338358.625,363686.15625,199002.578125,144912.703125,147410.015625,54717.2109375,29111.84765625,19667.53515625,16068.443359375,11097.583984375,5397.47900390625,1105100,1095487.25,1908703,1853126.375,54837.1015625,53975.9921875,155241.609375,202577.5625,195012.453125,167393.6875,97879.1015625,70056.1015625,57153.7890625,30848.42578125,19061.193359375,15958.54296875,10956.9609375,13245.0341796875,222406.765625,271452.03125,313172.59375,191512.90625,148366.078125,97523.078125,100002.703125,49039.234375,33133.59765625,18847.111328125,124747.7578125,246138.6875,206312.421875,124830.6171875,116328.8203125,95882.0546875,85929.59375,46904.75
"62626",2026-06-26 09:02:13.3,2026-06-26,9H 2M 13.3S,"Unknown","Aurora","U0640","Admin",365,385,222,231,265,405,557,480,546,366,466,462,511,984,849,1189,204,204,226,291,246,175,239,196,276,460,420,367,267,222,208,257,358,384,216,216,128,128,847,421,275,265,226,198,333,268,416,345,182,231,308,441,393,357,289,461,322,474,341,242,365,473,144,188,264,259,173,206,342,225,-40.35,-19.85,0,19.95,39.25,1.04,0.94,1.15,1.07,0.91,9.37,3.5,1.88,1.82,1.88,1.79,1.81,1.9,1.93,2.19,3.1,4.36,5.11,7.43,11.65,16.14,4.11,4.41,1.74,1.73,1.8,1.85,1.85,1.91,1.84,1.79,1.82,1.65,1.56,2.05,2.44,2.89,3.91,6.51,2.69,2.59,4.35,4.74,3,2.44,2.12,1.95,2.21,2.17,2.29,2.38,2.55,2.86,2.98,3.66,4.35,4.93,1.47,1.36,1.24,1.4,1.72,1.84,1.96,2.25,2.95,4.25,2.05,2.36,2.41,2.54,2.42,2.61,2.89,2.99,3747.61987304688,40858.73046875,94661.98046875,105275.3125,153194.6015625,218770.46875,283301.703125,147022.2265625,107231.078125,50218.5703125,19967.892578125,10272.8779296875,6554.51196289062,6690.88696289062,4112.31396484375,2933.92797851562,2176573,2092378.3125,169680.734375,411247.015625,487835.21875,498394,467836,337979.3125,362034.53125,200347.6875,147722.2109375,149773.03125,56055.466796875,30262.8046875,20143.2099609375,16298.2319335938,11165.6962890625,5328.88916015625,1103642,1094432.125,1899430.5,1835433.375,54338.861328125,53121.8828125,153860.40625,200999.296875,194559.1640625,167905.7109375,97024.98828125,70183.03125,57259.416015625,30665.5830078125,19051.5224609375,15914.8876953125,10945.298828125,12820.5810546875,223638.8203125,281144,322692.234375,197120.796875,152596.1640625,101685.4140625,104089.3046875,50913.1640625,34062.44921875,18606.0029296875,122209.39453125,250797.1328125,209236.765625,129167.6640625,118026.6640625,97059.4140625,86380.08984375,45700.626953125
"62526",2026-06-25 09:04:54.22,2026-06-25,9H 4M 54.22S,"Unknown","Aurora","U0640","Admin",362,384,223,232,264,403,563,479,543,364,476,465,518,989,860,1168,202,202,226,291,246,175,239,196,276,464,420,363,270,221,210,260,359,369,215,215,128,128,859,424,275,265,224,196,334,270,421,350,184,233,311,428,395,352,286,467,329,478,345,247,373,460,154,196,272,261,177,210,348,218,-40.375,-19.825,0,20.05,39.35,1.04,0.94,1.15,1.07,0.9,9.19,3.3,1.83,1.93,1.9,1.77,1.89,1.96,2.13,2.4,3.4,4.27,5.59,7.89,10.41,17.52,4.31,4.49,1.92,1.84,1.89,2.01,2.13,2.03,2.02,1.86,1.83,1.7,1.55,1.96,2.41,2.82,3.92,6.78,2.49,2.35,3.96,4.2,2.64,2.2,1.86,1.89,2.05,1.97,2.19,2.3,2.64,2.86,3.3,3.6,4.33,4.64,2.63,2.37,2.36,2.1,2.61,2.62,2.4,2.56,2.77,3.91,2.03,2.42,2.47,2.57,2.51,2.74,3.06,2.78,3750.86767578125,40714.701171875,94185.8359375,105686.3671875,152503.921875,217837.9375,286390.59375,146533.296875,104955.0546875,49326.794921875,20479.1015625,10172.572265625,6572.63061523438,6626.32788085938,4104.92553710938,2822.31372070312,2188031,2105839.125,170942.9765625,413998.671875,491474.3125,502193.265625,471867.90625,339740.4375,363979.328125,203732.6171875,148646.3125,151036.46875,56782.3671875,30139.8671875,20422.76953125,16529.34765625,11323.6274414062,5177.22998046875,1094599,1084285.3125,1895967,1829762.4375,55166.396484375,53579.771484375,153095.90625,200104.796875,191973.765625,165946.296875,97779.2890625,70813.01953125,57764.197265625,30880.4521484375,19170.97265625,15910.8237304688,11004.9501953125,12434.5869140625,224779.78125,277407.1875,319070.203125,198767.828125,154747.96875,100657.32421875,103791.55078125,50892.669921875,34039.1015625,17862.20703125,128592.75390625,260934.8359375,212600.9609375,128272.20703125,119795.94921875,98618.48828125,87737.2578125,44255.880859375
"62426",2026-06-24 09:30:20.72,2026-06-24,9H 30M 20.72S,"Unknown","Aurora","U0640","Admin",362,382,220,229,260,397,549,474,541,361,461,459,510,967,841,1207,202,202,224,289,245,174,237,195,276,460,422,367,266,221,209,258,361,394,218,218,131,131,851,430,278,268,227,199,336,270,421,349,185,234,314,455,386,351,284,453,318,471,339,242,367,483,145,188,266,261,174,208,346,231,-40.35,-19.8,0,20.025,39.425,1.05,0.94,1.14,1.07,0.9,8.33,3.48,1.88,1.86,1.8,1.94,1.8,2.02,2.21,2.34,3.32,4.3,5.94,7.68,10.76,16.97,4.35,4.59,1.94,2.05,2.17,2.23,2.21,2.36,2.22,2.09,1.89,1.82,1.75,2.06,2.52,3.09,4.13,6.55,2.99,2.84,4.07,4.11,3.03,2.66,2.12,2.09,2.38,2.31,2.46,2.78,2.89,3.08,3.03,3.7,4.17,5.28,1.36,2.34,2.84,2.46,2.43,2.56,2.42,2.67,3.6,4.31,2.15,2.53,2.69,2.72,2.52,2.79,2.95,2.88,3778.251953125,41081.54296875,94687.0390625,105340.109375,151684.75,218134.390625,281630.90625,146198.921875,106478.765625,48678.57421875,19576.470703125,10003.9912109375,6517.69287109375,6545.4580078125,4041.34497070312,2952.89599609375,2180288,2100128.75,169859.421875,410650.03125,488643.03125,504315.40625,469061.46875,339230.84375,365631.5,202334.46875,148525.265625,150328.90625,55943.21484375,29908.53515625,20189.50390625,16302.3017578125,11254.3154296875,5428.3271484375,1108433,1096197.375,1899684,1836101.125,53465,53869.28125,155943.3125,201719.078125,194614.375,166016.78125,96826.4921875,70186.6484375,57217.1640625,30672.9765625,19083.23828125,15834.1015625,10989.0400390625,12974.943359375,222442.140625,275015.6875,312638.53125,190584.234375,148666.25,98629.8515625,101830.4375,49883.109375,33428.22265625,18729.900390625,121671.15625,248580.328125,209346.4375,127647.7265625,117785.296875,97374.8046875,86736.0390625,46643.94140625
"62326",2026-06-23 08:25:20.67,2026-06-23,8H 25M 20.67S,"Unknown","Aurora","U0640","Admin",367,387,224,233,266,406,566,488,550,367,476,468,517,984,849,1160,203,203,225,290,245,175,239,196,277,463,423,366,269,222,208,258,357,373,215,215,128,128,841,424,275,266,225,199,333,269,421,344,183,232,308,427,399,361,291,470,332,484,348,249,377,464,151,194,270,259,175,208,344,218,-40.375,-19.85,0,20.025,39.325,1.03,0.94,1.16,1.07,0.91,8.19,3.04,1.74,1.74,1.76,1.74,1.73,1.99,2.04,2.32,3.24,4.53,5.66,7.89,11.73,17.12,3.74,3.93,1.73,1.72,1.78,1.93,1.91,1.92,1.85,1.71,1.66,1.49,1.53,1.94,2.32,3.08,4,6.07,2.4,2.24,3.48,3.92,2.75,2.22,1.86,1.83,1.86,1.92,2.05,2.16,2.31,2.77,2.93,3.4,4.07,4.46,2.27,2.08,1.92,1.97,2.38,2.44,2.31,2.13,2.53,3.84,2.15,2.37,2.49,2.44,2.37,2.67,2.62,2.79,3765.29064941406,40706.28125,94944,105456.37109375,152240.078125,219941.3359375,285860.859375,148098.796875,106422.37890625,49748.455078125,20469.1767578125,10270.5668945312,6533.93212890625,6654.03540039062,4031.5595703125,2807.03002929688,2186087.5,2106818.125,170082.796875,415908.578125,489385.59375,504992.46875,474442.140625,342312.125,370014.296875,202189.171875,150954.8046875,151490.484375,56458.701171875,30447.779296875,20285.2353515625,16462.1787109375,11248.7919921875,5215.828125,1094454.5,1084197.125,1891455,1842092.75,54325.337890625,53843.33203125,154926.8828125,204244.6640625,196001.9453125,169166.90625,97665.4609375,71524.3203125,58207.146484375,30826.4140625,19247.046875,15954.1127929688,10914.5463867188,12476.4047851562,226111,282376.34375,324035.015625,197486.0625,155425.8671875,101165.43359375,103394.15234375,50567.46484375,33804.97265625,17789.810546875,126978.13671875,258331.046875,212265.7578125,127864.671875,118296.90234375,97356.73046875,86168.51953125,44116.03125
"62226",2026-06-22 09:02:26.63,2026-06-22,9H 2M 26.63S,"Unknown","Aurora","U0640","Admin",361,379,220,228,261,398,555,479,540,360,469,461,509,968,834,1118,204,204,226,291,246,175,240,197,277,464,423,366,271,224,210,260,358,365,217,217,128,128,845,427,277,267,226,200,336,272,425,347,184,234,310,421,397,359,290,472,333,484,348,249,377,455,154,197,271,259,175,209,344,213,-40.3,-19.8,0,20.025,39.34999,1.05,0.94,1.14,1.07,0.92,8.71,2.67,1.55,1.64,1.47,1.48,1.47,1.66,1.69,1.96,2.85,4.04,5.47,7.26,11.35,17.78,3.09,3.3,1.28,1.27,1.31,1.35,1.25,1.35,1.29,1.37,1.4,1.32,1.48,1.74,2.28,3.24,3.89,6.67,2.23,2,3.46,3.89,2.59,2.13,1.75,1.59,1.86,1.79,1.95,1.99,2.23,2.69,2.95,3.23,3.79,4.28,0.92,0.95,0.8,1.06,1.54,1.76,1.88,2.34,3.64,4.43,2.24,2.52,2.75,2.62,2.54,2.74,3.16,3.23,3787.0009765625,41034.17578125,95578.515625,106226.5625,152931.171875,220142.46875,288011.0625,149951.84375,107618.9765625,49872.79296875,20339.478515625,10431.8310546875,6652.875,6655.7890625,4082.41748046875,2776.3310546875,2161851,2083222.25,170709.03125,412678.28125,490692.53125,500835.3125,470880.3125,339377.09375,366889.5625,203659.265625,150461.484375,150903.15625,56889.921875,30638.5703125,20441.640625,16462.01171875,11217.951171875,5109.96142578125,1115263,1104055.25,1909578,1839018.125,54293.91015625,53676.24609375,155903.40625,203529.390625,195632.921875,170183.015625,98528.078125,71959.4375,59070.0625,31130.357421875,19269.78515625,16133.2783203125,10982.5595703125,12322.8291015625,224704.671875,281152.375,326538.375,198744,157308.5625,102552.5234375,104761.421875,51359.41015625,34470.3828125,17790.283203125,129711.7421875,262036.921875,213136.828125,128603.7734375,118881.34375,98655.765625,86512.3515625,43343.5859375
"61826",2026-06-18 08:50:44.57,2026-06-18,8H 50M 44.57S,"Unknown","Aurora","U0640","Admin",360,379,218,227,262,399,553,471,539,359,460,448,498,960,834,1237,201,201,222,286,245,173,238,194,275,457,414,363,260,215,203,252,355,410,215,215,128,128,844,422,275,264,224,196,327,261,409,337,179,228,308,468,391,354,283,450,316,468,341,243,373,506,139,180,259,255,170,204,343,244,-40.4,-19.825,0,20.05,39.35,1.03,0.94,1.15,1.07,0.91,8.57,3.13,1.87,1.74,1.83,1.64,1.67,1.87,2,2.25,2.94,4.41,5.49,7.78,11.33,17.56,3.73,3.92,1.63,1.73,1.77,1.86,1.82,1.84,1.88,1.74,1.65,1.6,1.37,1.89,2.36,2.98,4.27,6.66,2.57,2.47,4.14,4.37,2.8,2.27,2.2,1.97,2.07,1.99,2.31,2.53,2.44,2.71,3.26,3.58,4.19,4.84,1.12,1.18,0.94,1.2,1.43,1.75,1.92,2.22,2.84,4.21,1.83,2.22,2.32,2.45,2.38,2.45,2.75,2.82,3815.91455078125,41532.9140625,94634.65625,104509.859375,153663.234375,218311.046875,286047.65625,147272.40625,106934.15625,49517.30859375,19984.908203125,10023.8212890625,6492.9638671875,6693.1640625,4129.97802734375,3168.05126953125,2180773,1957349.875,171078.640625,394065.75,471172.65625,481464.1875,471423.6875,328276.375,351789.125,200805.203125,147048.1875,150161,52049.09375,29401.908203125,19205.787109375,15837.4140625,11013.8037109375,5668.84619140625,1097879,1090071.625,1903339,1740279.75,57279.91796875,56115.6875,154097.265625,213469.46875,204203.265625,175386.359375,96924.15625,73078.1171875,60035.31640625,30895.037109375,19225.69921875,15917.2216796875,11193.9560546875,13983.3525390625,216887.609375,283836.5625,322838.75,192684.46875,146092.75,100044.4765625,100134.5390625,48959.6328125,33522.765625,19498.478515625,115012.1640625,242708.71875,198086.09375,125822.7109375,112094.40625,93335.4375,85167.859375,48899.26953125
"61726",2026-06-17 08:42:22.21,2026-06-17,8H 42M 22.21S,"Unknown","Aurora","U0640","Admin",357,375,216,224,258,394,546,464,533,356,456,445,494,954,830,1213,199,199,222,286,244,172,237,193,274,456,413,362,261,216,204,253,356,405,215,215,128,128,846,422,275,265,224,197,328,262,412,339,180,229,309,464,397,359,287,460,324,480,349,250,382,509,141,183,263,258,172,206,345,242,-40.375,-19.85,0,20.025,39.35,1.03,0.94,1.16,1.07,0.9,8.95,3.12,1.7,1.67,1.58,1.66,1.71,1.77,1.92,2.11,3.32,4.86,5.43,7.83,10.68,17.6,3.57,3.83,1.6,1.63,1.69,1.8,1.82,1.88,1.73,1.67,1.59,1.45,1.47,1.82,2.43,2.89,4.08,6.58,2.33,2.19,3.62,3.98,2.84,2.25,1.83,1.77,1.9,1.96,2.07,2.07,2.33,2.45,2.89,3.35,4.1,4.75,2.18,1.97,1.76,1.94,2.05,2.12,2.17,2.13,2.39,3.89,2.22,2.49,2.5,2.61,2.5,2.8,2.89,3.08,3763.87768554688,40667.26171875,93933.796875,104458.9296875,151791.140625,217474.921875,284576.96875,143916.578125,106006.1171875,49413.83203125,20043.2578125,9948.0693359375,6448.89990234375,6579.96435546875,4061.83666992188,3037.51025390625,2155149,2073825,168632.75,406874.28125,489398.78125,496312.0625,468843.90625,336311.375,363128.65625,199829.578125,147712.5,150082.15625,55324.82421875,29630.119140625,19892.0859375,16166.6005859375,11225.072265625,5635.34619140625,1101361,1095446.125,1895452,1836478.75,54502.67578125,53403.80078125,154267.015625,201510.03125,193866.875,167362.171875,96264.296875,68871.390625,56443.08203125,30311.29296875,18872.1875,15769.125,10978.72265625,13519.0234375,223710.34375,281111.90625,324812.28125,194322.390625,150993.09375,100515.546875,101859.8125,50199.50390625,33963.24609375,19542.830078125,118064.0078125,240550.359375,206039.96875,125609.4453125,115702.046875,95836.6015625,85847.984375,48837.08984375
"61626",2026-06-16 08:32:14.7,2026-06-16,8H 32M 14.7S,"Unknown","Aurora","U0640","Admin",356,375,217,227,259,393,546,467,536,359,460,447,498,953,834,1207,201,201,222,287,244,172,237,193,272,455,416,361,260,217,203,253,355,395,215,215,128,128,852,423,278,265,227,199,334,265,417,346,182,231,310,458,387,349,280,451,319,475,345,245,371,483,142,185,263,256,171,205,344,236,-40.35,-19.825,0,20.025,39.325,1.04,0.94,1.15,1.07,0.92,8.26,2.91,1.8,1.76,1.72,1.75,1.69,1.9,1.93,2.05,3.13,4.14,5.44,8.1,11.41,17.07,3.92,4.18,1.63,1.66,1.83,1.88,1.98,1.97,1.88,1.85,1.72,1.62,1.51,1.93,2.26,2.91,4.36,6.29,2.58,2.47,4,4.25,3.03,2.51,1.97,1.8,2.07,2.06,2.4,2.27,2.46,3.09,3.11,3.83,4.31,5.14,1.2,1.19,1.07,1.34,1.63,1.74,1.73,2.22,2.96,4.15,1.89,2.32,2.41,2.46,2.27,2.47,2.65,2.91,3719.54418945312,40589.015625,95222.1484375,105909.0703125,153945.03125,218459.8828125,285381.203125,146260.5390625,107739.6484375,50028.9921875,20066.685546875,10174.318359375,6515.73876953125,6612.76928710938,4124.16333007812,3025.20483398438,2190094.5,2112005.5,170238.8984375,413661.1875,493335.5,499987.828125,472411.390625,338911.046875,364971.46875,201258.8828125,148341.8671875,151051.5859375,55225.91796875,29886.2763671875,19973.5322265625,16374.29296875,11303.3408203125,5514.89868164062,1091720.5,1087050.5625,1879368.5,1825475.25,54884.4921875,52906.037109375,156385.2265625,200548.3671875,195970.9453125,167494.28125,97837.54296875,69359.29296875,56922.69140625,30425.0068359375,19007.083984375,15863.4077148438,10976.5825195312,13315.5717773438,224383.09375,282158.171875,323116.015625,193172.140625,152128.6640625,100837.35546875,103044.83203125,50337.990234375,33939.591796875,19292.3935546875,121142.11328125,249463.296875,209505.8125,126288.09375,117327.25,97389.140625,87127.0859375,48211.759765625
"61526",2026-06-15 08:33:49.94,2026-06-15,8H 33M 49.94S,"Unknown","Aurora","U0640","Admin",338,358,206,215,247,376,527,447,504,342,435,429,474,906,792,1122,202,202,224,289,245,174,238,194,275,457,417,363,264,217,205,255,356,387,217,217,129,129,841,428,278,266,226,199,332,267,418,342,182,231,310,451,397,356,286,460,321,472,346,248,378,488,145,187,262,255,172,205,342,230,-40.3,-19.8,0,20,39.3,1.05,0.94,1.14,1.07,0.91,7.91,2.58,1.35,1.22,1.27,1.26,1.27,1.52,1.71,1.88,2.99,4.29,5.22,7.54,10.4,16.23,3.48,3.68,1.35,1.31,1.34,1.39,1.38,1.43,1.36,1.38,1.34,1.45,1.41,1.88,2.32,2.91,4.1,6.13,2.39,2.43,3.64,3.96,2.8,2.26,2.07,1.82,2.07,1.99,2.16,2.22,2.43,2.8,2.72,3.5,3.96,4.33,0.98,0.86,0.78,1.09,1.28,1.64,1.62,2.42,3.3,4.57,1.99,2.18,2.36,2.43,2.27,2.54,2.52,2.72,3713.22973632812,40608.7890625,94270.9453125,104622.921875,151710.65625,217649.03125,284938.28125,146586.953125,106095.5234375,49348.0078125,19903.27734375,10198.7822265625,6493.88232421875,6594.92236328125,4118.4462890625,2956.345703125,2146290,2070669.125,169942.875,410525.15625,488060.9375,502518.84375,468290.4375,338196.28125,364521.25,202009.3125,149216.46875,151673.046875,56070.40234375,29790.62890625,20084.166015625,16429.697265625,11290.8759765625,5448.84033203125,1115567,1105596.125,1924152,1852280.875,54545.53125,53970.34375,157556.046875,203456.640625,196181.0625,168731.6875,97466.1484375,70732.7109375,57517.84375,30836.689453125,19132.984375,15954.205078125,11005.6201171875,13172.7744140625,226055.515625,285327.0625,325241.03125,198493.4375,153180.09375,101388.7265625,104036.0859375,51325.2109375,34682.8828125,19212.732421875,123397.75,252775.125,208643.8125,126977.109375,118184.875,97753.7109375,87149.03125,47384.55078125
"61226",2026-06-12 08:34:53.64,2026-06-12,8H 34M 53.64S,"Unknown","Aurora","U0640","Admin",356,377,219,228,262,399,555,473,539,361,464,458,503,960,835,1159,200,200,222,288,245,174,237,194,273,459,412,357,264,219,205,254,353,374,214,214,128,128,846,421,275,263,225,197,334,265,413,339,180,228,305,433,391,349,280,465,328,479,349,248,369,456,152,192,269,261,174,207,344,224,-40.45,-19.875,0,20.025,39.3,1.03,0.94,1.16,1.07,0.9,9.33,2.84,1.55,1.77,1.71,1.66,1.7,1.76,2.01,2.19,3.13,4.4,5.82,7.85,12.05,17.11,3.94,4.15,1.58,1.65,1.73,1.86,1.86,1.8,1.82,1.76,1.62,1.57,1.6,1.95,2.45,2.97,4.01,6.38,2.39,2.38,3.87,4.13,2.85,2.38,2.06,1.89,2.1,2.05,2.11,2.22,2.42,2.68,3.14,3.42,4.2,4.95,1.2,1.21,1.06,1.22,1.56,1.8,1.64,2.23,3.08,4.24,2.02,2.39,2.47,2.55,2.4,2.71,2.75,2.98,3681.96960449219,40381.287109375,93981.53515625,104457.9140625,152082.9296875,216739.5390625,284084.9375,145676.390625,105862.23828125,49084.076171875,19962.625,10076.890625,6479.40209960938,6523.2607421875,4032.849609375,2869.05920410156,2176307.5,2091119.5,169218.4296875,411851.140625,490361.28125,504857.375,470328.140625,340215.984375,363518.046875,202721.984375,147880.609375,148598.4921875,56042.578125,29925.63671875,20025.703125,16313.5859375,11162.9174804688,5272.34765625,1095940.5,1090404.25,1890538.5,1833837.5625,54386.080078125,53138.876953125,154903.3203125,200378.234375,195709.5625,167447.453125,98645.484375,69821.7265625,57481.58984375,30358.9345703125,18934.423828125,15713.6293945312,10823.8295898438,12708.03125,224440.78125,277316.53125,315887.09375,194988.859375,152568.6640625,98842.85546875,101914.75390625,50177.29296875,33329.98828125,18108.5625,125878.46484375,251798.671875,208823.625,127164.55859375,117446.1328125,96753.8671875,85707.30078125,45099.7734375
"61126",2026-06-11 09:11:25.59,2026-06-11,9H 11M 25.59S,"Unknown","Aurora","U0640","Admin",383,407,237,244,280,432,588,511,577,393,501,498,546,1045,901,1258,198,198,222,287,243,172,237,193,272,456,419,365,266,220,207,256,356,374,211,211,126,126,835,419,270,261,223,196,330,264,416,340,181,230,306,432,413,377,306,492,350,506,372,264,395,481,149,194,276,266,178,212,353,227,-40.575,-19.925,0,20.1,39.40001,0.99,0.94,1.18,1.07,0.89,8.34,3.25,2.05,2.01,1.95,1.84,1.87,2.05,2.21,2.34,3.21,4.88,5.81,8.37,11.45,17.25,3.41,3.65,1.5,1.51,1.52,1.64,1.59,1.61,1.51,1.54,1.52,1.35,1.43,1.95,2.33,2.9,4.17,6.43,2.59,2.67,4.45,4.45,2.98,2.73,2.28,2.32,2.49,2.38,2.73,2.64,2.86,3.31,3.32,3.86,4.49,5.07,1.51,1.39,1.26,1.33,1.64,1.95,1.84,1.97,2.88,3.69,1.85,2.28,2.28,2.44,2.24,2.52,2.73,2.83,3766.26452636719,40721.119140625,94070.48046875,103852.6171875,150544.5859375,217328.3671875,281164.828125,145438.5703125,105025.52734375,49588.291015625,20106.455078125,10085.6860351562,6438.87426757812,6593.33178710938,4015.13757324219,2840.40515136719,2178292,2088384.75,168110.34375,409581.6875,483361.546875,494391.265625,468093.53125,335309.546875,362001.75,199238.2890625,148723.59375,150649.3203125,56217.25390625,29856.94140625,20083.193359375,16281.4262695312,11155.779296875,5261.89794921875,1096140,1089446.5,1901858,1834815.125,55009.537109375,53779.884765625,154742.8359375,201972.609375,195327.640625,168470.9765625,98357.22265625,70415.390625,57840.916015625,30593.4736328125,19193.3623046875,15955.4736328125,10953.3813476562,12789.81640625,223584.1953125,281801.4375,321783.59375,196071.390625,153769.234375,100376.57421875,103300.67578125,50773.95703125,34103.55859375,18122.1796875,121794.5,250500.9609375,210979.4453125,127440.41796875,116898.94921875,96505.1796875,86360.5703125,44583.6953125
"61026",2026-06-10 09:41:04.17,2026-06-10,9H 41M 4.17S,"Unknown","Aurora","U0640","Admin",366,391,228,237,270,413,574,488,555,376,471,469,524,1002,876,1295,197,197,223,286,243,172,236,193,273,451,417,364,259,215,204,253,355,412,211,211,126,126,823,415,268,260,221,195,324,259,408,338,178,227,306,468,418,381,306,479,337,503,367,259,393,531,137,183,267,260,175,209,353,253,-40.6,-19.975,0,20.05,39.275,0.98,0.94,1.19,1.07,0.89,8.26,3.36,2.16,2.18,2.17,2.17,2.08,2.18,2.38,2.57,3.38,4.56,6.24,8.43,11.64,17.09,3.43,3.69,1.28,1.33,1.36,1.41,1.41,1.44,1.37,1.47,1.4,1.32,1.5,1.9,2.42,3.04,3.83,6.67,2.42,2.37,4.18,4.33,3.12,2.52,2.11,2.1,2.31,2.25,2.35,2.63,2.68,3,3.19,3.84,4.26,4.93,1.27,1.1,1.01,1.3,1.44,1.62,1.89,2.02,2.79,4.29,1.98,2.47,2.32,2.54,2.39,2.67,2.76,2.93,3767.5224609375,40896.142578125,94213.9921875,104544.4296875,151502.0625,217440.6640625,283174.84375,144887.2734375,105916.890625,49749.2421875,19667.0634765625,10008.50390625,6477.76391601562,6580.0498046875,4009.85559082031,3124.60888671875,2161530.5,2071141.4375,167609.7109375,405166.671875,482512.796875,493372.890625,463351.15625,334785.828125,361186.078125,199421.9609375,148460.1484375,150676.5078125,54438.921875,28922.9541015625,19809.974609375,16091.8466796875,11101.8520507812,5837.12670898438,1099518.5,1090561.875,1892729,1834504,54517.015625,53628.486328125,154466.765625,201534.3671875,195467.90625,168686.0078125,97080.1484375,69536.5078125,57595.046875,30908.595703125,19019.0556640625,15889.6821289062,11053.716796875,13989.5380859375,224680.171875,283512.984375,319808.640625,190067.71875,148444.78125,100664.83984375,102408.26953125,49959.4921875,34080.478515625,20132.2001953125,113674.5,234907.3984375,203728.5859375,124309.1953125,114695.23046875,95073.98046875,86199.68359375,49803.48046875
"60926",2026-06-09 08:34:13.23,2026-06-09,8H 34M 13.23S,"Unknown","Aurora","U0640","Admin",357,377,218,227,260,396,554,473,537,360,466,454,500,954,825,1132,198,198,222,285,242,172,236,193,272,454,413,357,265,219,205,254,353,365,214,214,126,126,849,424,275,263,222,195,332,265,414,341,180,228,304,420,399,354,287,470,333,483,351,251,378,456,154,195,269,260,175,208,344,217,-40.475,-19.9,0,20.025,39.35,1.02,0.94,1.16,1.07,0.9,7.62,3.04,1.69,1.71,1.7,1.66,1.6,1.83,1.92,2.2,3.06,4.18,5.57,7.4,11.53,16.16,3.83,4.04,1.61,1.65,1.68,1.73,1.69,1.78,1.79,1.62,1.62,1.45,1.54,1.91,2.41,2.84,3.84,6.52,2.4,2.3,3.88,4.15,2.71,2.38,1.95,1.87,2.07,2,2.3,2.37,2.55,2.85,2.91,3.47,4.23,4.94,2.39,2.13,1.89,1.88,2.3,2.37,2.18,2.24,2.52,3.83,2.18,2.5,2.67,2.81,2.72,2.9,2.85,3.16,3684.3896484375,40794.26953125,94180.5234375,104652.2890625,152406.984375,218789.765625,287114.28125,146937.484375,106968.296875,49617.359375,20265.609375,10195.9365234375,6464.30615234375,6527.126953125,4010.25390625,2810.58276367188,2186522,2100820.5,169899.6875,410066.71875,488365.59375,499710.625,467432.96875,338656.59375,365045.34375,200862.09375,148541.53125,149167.078125,56470.36328125,30148.525390625,20112.01171875,16435.232421875,11241.0205078125,5143.90234375,1096320,1087261.625,1889302,1823302.875,54497.33984375,53858.41796875,155073.4375,200359.21875,192815.203125,166243.890625,97518.703125,69873.953125,57340.82421875,30298.7265625,18888.392578125,15680.8134765625,10791.22265625,12176.1220703125,226028.875,276925.46875,323200.5,196973.125,154509.859375,100184.1171875,102335.875,50197.734375,33538.5859375,17563.283203125,128594.5859375,257903.96875,209369.5625,127458.609375,117901.78125,97140.7109375,85802.796875,43767.625
"60826",2026-06-08 08:36:35.82,2026-06-08,8H 36M 35.82S,"Unknown","Aurora","U0640","Admin",355,376,216,226,259,393,551,471,531,357,463,457,505,966,828,1122,199,199,222,286,242,172,236,192,273,452,416,359,267,220,207,256,353,360,213,213,126,126,839,419,275,263,225,197,334,268,418,346,183,232,308,420,403,362,295,480,345,500,367,257,382,445,154,197,272,263,177,210,347,217,-40.4,-19.85,0,20.025,39.375,1.02,0.94,1.17,1.07,0.9,8.34,2.61,1.66,1.55,1.63,1.56,1.62,1.67,1.85,1.99,3.09,4.17,5.93,7.49,11.09,15.49,3.96,4.14,1.39,1.42,1.48,1.52,1.49,1.62,1.54,1.47,1.5,1.42,1.53,1.87,2.4,2.71,4.08,6.64,2.62,2.51,3.84,4.18,3.01,2.44,2.04,1.91,2.14,2.15,2.16,2.46,2.58,3.13,3.07,3.77,4.68,4.77,0.92,0.9,0.81,1.05,1.36,1.64,1.76,2.2,3.14,4.21,2.03,2.31,2.37,2.39,2.33,2.52,2.63,2.85,3725.3837890625,40539.9453125,93562.609375,104660.984375,152303.640625,216725.015625,283434.53125,147216.203125,105249.7109375,49057.51171875,20242.15625,10202.716796875,6566.24853515625,6609.37060546875,4010.50146484375,2792.94848632812,2169470,2085188.25,169702.0625,410468.78125,488236.46875,499532.84375,467471.9375,338539.96875,365278.4375,200833.28125,148425.203125,148929.296875,57059.63671875,30439.525390625,20351.943359375,16481.224609375,11186.673828125,5079.90185546875,1099101,1087943.25,1891113,1830866,54860.5859375,53746.94921875,156076.890625,201846.578125,197912.15625,169099.1875,99862.8203125,71303.890625,58013.40234375,31018.873046875,19412.6796875,16127.7060546875,11049.1484375,12367.3857421875,224592.671875,280381.21875,325228,198150.078125,155888.25,100954.1796875,104340.0234375,50844.2890625,33968.0625,17419.7265625,127499.7734375,257922.390625,210300.65625,128185.875,118471.765625,97439.5546875,86378.3125,43594.015625
"60526",2026-06-05 08:44:25.3,2026-06-05,8H 44M 25.3S,"Unknown","Aurora","U0640","Admin",375,399,230,239,275,422,577,496,563,379,491,477,529,1012,876,1202,199,199,222,285,242,172,235,193,271,455,415,360,265,218,205,254,351,365,214,214,127,127,841,422,276,264,225,197,332,269,419,345,182,230,307,424,391,348,282,466,331,481,351,248,370,445,153,194,270,262,175,208,344,219,-40.4,-19.825,0,20.1,39.4,1.03,0.94,1.16,1.07,0.91,9.05,3.37,1.94,2.04,1.94,1.95,1.87,1.93,2.14,2.53,3.35,4.55,5.63,7.99,11.22,17.7,3.94,4.16,1.56,1.67,1.85,1.76,1.91,1.85,1.73,1.73,1.69,1.53,1.42,2,2.39,2.98,4.08,6.08,2.36,2.33,4.23,4.55,2.66,2.36,2.07,1.9,2.07,2.14,2.38,2.39,2.68,2.97,3.23,3.42,4.76,5.34,1.2,1.22,1.02,1.21,1.58,1.82,1.93,2.18,3.21,4.05,2.18,2.6,2.52,2.72,2.51,2.74,2.83,2.8,3734.125,40850.76953125,93954.8046875,105382.859375,154096.375,219091.65625,286392.375,145583.5625,106555.796875,49592.0078125,20106.330078125,10147.578125,6553.4970703125,6576.39599609375,4006.43212890625,2814.50244140625,2176381,2095075.375,170690.296875,411235.4375,490411.03125,500833.09375,470384.6875,339677.09375,363826.125,201908.96875,149152.1875,151916,56892.65625,30295.59375,20323.3359375,16534.322265625,11318.4921875,5224.1572265625,1096058,1090276.25,1881071,1821834.625,54614.1015625,53268.4765625,155913.125,201656.890625,196003.453125,167516.96875,97554.6171875,71478.4140625,58429.91015625,30743.099609375,19168.5546875,15877.525390625,10991.943359375,12468.359375,224848.546875,280213.90625,323799.6875,199883.515625,154431.828125,101338.71875,103607.484375,50688.07421875,33695.58984375,17813.13671875,127262.921875,258751.203125,212678.75,128084.0234375,118584.9765625,97760.15625,86520.9453125,44561.09375
"60426",2026-06-04 08:43:33.84,2026-06-04,8H 43M 33.84S,"Unknown","Aurora","U0640","Admin",374,394,228,238,273,419,576,494,556,370,491,478,531,1012,868,1162,198,198,220,284,243,172,236,192,273,455,409,354,267,220,206,257,354,352,214,214,127,127,850,424,276,265,223,195,333,272,419,347,183,232,308,414,392,346,282,476,338,492,358,254,378,439,162,200,274,263,178,212,347,213,-40.4,-19.85,0,20,39.225,1.02,0.94,1.16,1.07,0.91,8.78,3.07,1.94,1.91,2,1.9,2.01,2.13,2.19,2.53,3.12,4.55,5.82,8.02,10.99,16.83,3.46,3.63,1.5,1.46,1.56,1.67,1.67,1.69,1.6,1.6,1.49,1.47,1.52,1.91,2.41,2.99,3.91,6.81,2.49,2.45,4.2,4.31,2.99,2.44,2.15,2.07,2.27,2.31,2.39,2.45,2.68,2.98,2.92,3.53,4.53,5.21,2.44,2.22,2.14,2.08,2.29,2.28,2.4,2.34,2.57,3.8,2.05,2.31,2.41,2.44,2.24,2.61,2.79,2.95,3818.42028808594,40892.5546875,94784.57421875,106387.6875,154076.546875,221582.890625,289882.890625,147453.984375,106102.30078125,49519.236328125,20334.251953125,10230.8979492188,6597.7744140625,6603.93530273438,4037.15930175781,2758.82653808594,2185757.5,2100848.125,168394.6328125,410285.328125,488501.296875,499622.75,468577.21875,338765.875,366322.984375,201308.15625,146280.515625,147198.734375,56963.9921875,30331.2744140625,20252.4052734375,16526.9501953125,11281.1245117188,4940.20581054688,1098089.5,1089416.1875,1890462,1823057.3125,54493.982421875,53923.26953125,156071.109375,201811.203125,193531.1953125,165619.4921875,97429.35546875,72041.33203125,58069.443359375,31034.1845703125,19150.603515625,15942.2373046875,10926.1323242188,12027.3725585938,217937.109375,265959.46875,311178.046875,196063.2109375,152256.171875,99772.59375,102120.53515625,49934.890625,33331.580078125,16900.7392578125,133003.34375,261500.09375,211335.15625,127502.8125,118395.83984375,97874.31640625,85861.84375,42566.171875
"60326",2026-06-03 09:59:06.64,2026-06-03,9H 59M 6.64S,"Unknown","Aurora","U0640","Admin",372,393,228,238,273,419,576,493,555,367,490,474,527,1006,863,1157,199,199,220,284,243,172,237,193,274,454,406,351,267,218,205,255,351,349,215,215,128,128,856,427,278,266,222,195,335,272,417,346,182,231,307,413,383,333,273,470,332,480,350,247,365,425,165,200,271,261,177,210,345,212,-40.3,-19.8,0,20.075,39.34999,1.04,0.94,1.15,1.07,0.92,8.35,2.97,1.85,1.84,1.78,1.88,1.82,2,2.17,2.34,3.41,4.44,5.64,7.7,11.39,16.34,4.02,4.18,1.51,1.44,1.58,1.6,1.62,1.72,1.6,1.58,1.61,1.5,1.55,1.86,2.56,2.89,3.48,6.96,2.5,2.42,4.09,4.36,2.84,2.23,1.9,1.91,2.18,1.96,2.25,2.48,2.53,2.89,2.79,3.72,4.6,4.65,2.6,2.72,2.35,2.47,2.52,2.65,2.4,2.21,2.73,3.36,2.08,2.3,2.45,2.39,2.26,2.64,2.81,2.86,3783.14404296875,41034.19140625,95046.09375,106844.1171875,154387.21875,222629.125,290482.15625,148145.59375,106351.5546875,49158.8671875,20487.453125,10342.3525390625,6592.43505859375,6665.4990234375,4035.73852539062,2739.14086914062,2178087,2096623.875,169135.78125,411365.65625,489621.1875,500972.21875,474307.1875,339343.125,366345.46875,201860.25,145374.46875,146200.75,57230.02734375,30179.923828125,20204.162109375,16531.771484375,11235.7294921875,4945.9013671875,1099021,1089708,1877359,1812420.75,55285.921875,53579.70703125,156415.015625,202524.5,190701.125,164742.484375,97857.6796875,71720.9609375,57086.59765625,30502.09765625,19031.044921875,15904.53125,10890.0068359375,12034.6376953125,217120.171875,264039.78125,309380.5,195537.140625,152444.515625,99363,101314.8125,49576.9453125,32888,16982.208984375,136720.078125,264977.28125,211941.515625,127756.53125,119764.671875,98555.4140625,86645.9609375,43079.70703125
"60226",2026-06-02 08:34:29.64,2026-06-02,8H 34M 29.64S,"Unknown","Aurora","U0640","Admin",354,372,213,224,256,393,548,468,528,356,463,448,497,948,819,1108,199,199,221,286,243,172,236,192,273,455,414,357,264,219,205,254,352,360,215,215,127,127,843,424,277,265,225,197,336,270,421,344,182,231,307,420,388,347,279,462,329,482,349,248,370,440,155,196,269,260,175,209,344,216,-40.35,-19.85,0,20.1,39.425,1.03,0.94,1.16,1.07,0.91,10.06,3.7,1.85,1.88,1.85,1.77,1.83,2.02,2.14,2.37,3.27,4.32,5.92,7.38,11.54,17.08,5.3,5.64,1.86,2,2.11,2.21,2.21,2.32,2.24,2.08,1.96,1.73,1.38,1.88,2.4,2.92,4.06,6.71,2.89,2.78,4.22,4.6,2.96,2.53,2.11,2.18,2.47,2.39,2.64,2.84,3.09,3.38,3.32,4.1,4.62,5.61,1.74,1.74,1.63,1.75,2.02,1.98,2.26,2.65,3.28,4.94,2.1,2.38,2.52,2.47,2.44,2.64,2.87,3.18,3735.94750976562,40859.037109375,94246.19140625,105579.10546875,152304.5078125,220452.8125,288044.6875,147496.4140625,107083.76171875,49960.873046875,20635.4716796875,10223.603515625,6549.12622070312,6615.29248046875,4033.98046875,2765.52270507812,2193129.5,2110949,169981.015625,413151.609375,492182.875,503234.03125,472424.3125,341690.34375,369076.328125,203160.984375,149896.6015625,150636.1171875,56899.033203125,30423.5390625,20299.87890625,16573.0498046875,11294.4438476562,5110.75830078125,1099220,1088608.125,1896483,1845482.8125,54903.298828125,54234.9921875,157130.21875,203258.1171875,197034.2890625,168774.0234375,99188.16015625,71788.8203125,58689.859375,30839.5576171875,19202.798828125,15995.3471679688,10946.9350585938,12240.6157226562,221770.640625,277147.875,321417.3125,196616.1171875,153897.6328125,101122.09765625,102208.8125,50089.068359375,33262.537109375,17370.134765625,129309.53125,261348.7265625,210672.9921875,128039.05078125,118652,98498.78515625,86275.74609375,43738.228515625
"60126",2026-06-01 08:56:34.17,2026-06-01,8H 56M 34.17S,"Unknown","Aurora","U0640","Admin",352,370,213,223,255,392,541,463,531,353,460,449,498,954,816,1098,199,199,221,287,243,173,236,194,273,454,417,360,269,221,208,257,355,357,214,214,127,127,838,422,274,265,224,196,333,270,421,345,182,231,307,415,400,358,290,483,341,503,365,257,383,442,158,199,272,262,177,211,346,213,-40.45,-19.85,0,20.075,39.35,1.02,0.94,1.16,1.07,0.91,8.78,3.22,2.03,2.07,2.05,2.01,1.85,2.09,2.17,2.4,3.42,4.39,6.12,7.92,11.51,16.01,4.39,4.59,1.66,1.69,1.82,1.84,1.82,1.86,1.91,1.7,1.65,1.57,1.47,1.84,2.43,2.67,4.14,6.54,2.51,2.37,4.22,4.63,2.9,2.45,2.13,2.03,2.09,2.07,2.39,2.32,2.64,2.94,3.16,3.83,4.58,5.36,1,0.89,0.79,1.07,1.35,1.6,1.65,2.16,3.14,4.41,2.09,2.34,2.41,2.59,2.39,2.54,2.9,2.91,3761.58813476562,40941.73828125,94860.4296875,105490.0390625,153411.609375,222231.890625,286104.34375,146777.203125,108116.8515625,49977.11328125,20424.3125,10286.810546875,6594.931640625,6697.2646484375,4061.04858398438,2799.75659179688,2174654,2106813.25,169267,416966.0625,491069.96875,506556.75,471056.75,343299.125,367397.75,202605.28125,151177.703125,151972.46875,57294.57421875,30646.951171875,20627.111328125,16701.859375,11431.1201171875,5088.23486328125,1103077,1091631.5,1897177,1824902.75,54969.66015625,53297.2421875,154452.984375,201474.203125,193966.109375,167337.859375,97607.65625,71391.2578125,58244.78125,30720.392578125,19102.208984375,15979.6328125,10888.1240234375,12069.775390625,224387.125,279268.46875,325664.5625,199699.859375,155395.546875,103507.3671875,104735.109375,50982.6171875,34045.80078125,17316.39453125,129986.7578125,260781.796875,210485.171875,126788.71875,118632.8203125,98336.46875,86137.4921875,42856.09765625
