"SAMPLE","DateTime","DATE","TIME","Timepoint","CYT","CYTSN","OP","SSC-A_Gain","FITC-A_Gain","BB630-A_Gain","BB660-A_Gain","PerCP-E710-A_Gain","BB790-A_Gain","PE-A_Gain","PE-Alexa 594-A_Gain","PE-Cy5-A_Gain","PE-Cy5-5-A_Gain","APC-A_Gain","Alexa 700-A_Gain","APC-Cy7-A_Gain","BUV395-A_Gain","BUV496-A_Gain","BUV563-A_Gain","BUV615-A_Gain","BUV661-A_Gain","BUV737-A_Gain","BUV805-A_Gain","BV421-A_Gain","BV510-A_Gain","BV570-A_Gain","BV605-A_Gain","BV650-A_Gain","BV711-A_Gain","BV750-A_Gain","BV786-A_Gain","PE-Cy7-A_Gain","Time_Gain","Blue_LaserDelay","Green_LaserDelay","Red_LaserDelay","UV_LaserDelay","Violet_LaserDelay","Blue_AreaScalingFactor","Green_AreaScalingFactor","Red_AreaScalingFactor","UV_AreaScalingFactor","Violet_AreaScalingFactor","FSC-A-% rCV","SSC-A-% rCV","FITC-A-% rCV","BB630-A-% rCV","BB660-A-% rCV","PerCP-E710-A-% rCV","BB790-A-% rCV","PE-A-% rCV","PE-Alexa 594-A-% rCV","PE-Cy5-A-% rCV","PE-Cy5-5-A-% rCV","APC-A-% rCV","Alexa 700-A-% rCV","APC-Cy7-A-% rCV","BUV395-A-% rCV","BUV496-A-% rCV","BUV563-A-% rCV","BUV615-A-% rCV","BUV661-A-% rCV","BUV737-A-% rCV","BUV805-A-% rCV","BV421-A-% rCV","BV510-A-% rCV","BV570-A-% rCV","BV605-A-% rCV","BV650-A-% rCV","BV711-A-% rCV","BV750-A-% rCV","BV786-A-% rCV","PE-Cy7-A-% rCV","FSC-A","SSC-A","FITC-A","BB630-A","BB660-A","PerCP-E710-A","BB790-A","PE-A","PE-Alexa 594-A","PE-Cy5-A","PE-Cy5-5-A","APC-A","Alexa 700-A","APC-Cy7-A","BUV395-A","BUV496-A","BUV563-A","BUV615-A","BUV661-A","BUV737-A","BUV805-A","BV421-A","BV510-A","BV570-A","BV605-A","BV650-A","BV711-A","BV750-A","BV786-A","PE-Cy7-A","FITC-H_Gain","BB630-H_Gain","BB660-H_Gain","PerCP-E710-H_Gain","BB790-H_Gain","PE-H_Gain","PE-Alexa 594-H_Gain","PE-Cy5-H_Gain","PE-Cy5-5-H_Gain","APC-H_Gain","Alexa 700-H_Gain","APC-Cy7-H_Gain","BUV395-H_Gain","BUV496-H_Gain","BUV563-H_Gain","BUV615-H_Gain","BUV661-H_Gain","BUV737-H_Gain","BUV805-H_Gain","BV421-H_Gain","BV510-H_Gain","BV570-H_Gain","BV605-H_Gain","BV650-H_Gain","BV711-H_Gain","BV750-H_Gain","BV786-H_Gain","PE-Cy7-H_Gain","FITC-H-% rCV","BB630-H-% rCV","BB660-H-% rCV","PerCP-E710-H-% rCV","BB790-H-% rCV","PE-H-% rCV","PE-Alexa 594-H-% rCV","PE-Cy5-H-% rCV","PE-Cy5-5-H-% rCV","APC-H-% rCV","Alexa 700-H-% rCV","APC-Cy7-H-% rCV","BUV395-H-% rCV","BUV496-H-% rCV","BUV563-H-% rCV","BUV615-H-% rCV","BUV661-H-% rCV","BUV737-H-% rCV","BUV805-H-% rCV","BV421-H-% rCV","BV510-H-% rCV","BV570-H-% rCV","BV605-H-% rCV","BV650-H-% rCV","BV711-H-% rCV","BV750-H-% rCV","BV786-H-% rCV","PE-Cy7-H-% rCV","FITC-H","BB630-H","BB660-H","PerCP-E710-H","BB790-H","PE-H","PE-Alexa 594-H","PE-Cy5-H","PE-Cy5-5-H","APC-H","Alexa 700-H","APC-Cy7-H","BUV395-H","BUV496-H","BUV563-H","BUV615-H","BUV661-H","BUV737-H","BUV805-H","BV421-H","BV510-H","BV570-H","BV605-H","BV650-H","BV711-H","BV750-H","BV786-H","PE-Cy7-H"
"02-OCT-2026",2026-10-02 08:51:13,2026-10-02,8H 51M 13S,"Unknown","LSRFortessa X-50 (LSRFortessa)","H66096400004","Administrator",564,335,437,442,396,313,305,526,374,404,394,270,200,217,447,351,352,375,400,305,338,248,290,310,312,323,263,275,303,255,0,108.84,34.56,-40.54,72.89,0.85,0.88,0.76,1.01,0.82,2.36,3.35,2.06,3.32,2.48,2.27,2.74,1.85,1.7,1.29,1.77,4.31,4.28,4.52,8.42,10.28,9.94,9.5,8.3,5.9,5.59,8.87,8.52,8.48,8.65,8.83,8.22,7.92,7.67,2.07,96658.2578125,99557.6328125,9064.9296875,9087.8544921875,8974.3154296875,9003.66015625,8545.0634765625,10245.341796875,10471.052734375,10162.15234375,9691.2216796875,9137.5625,9575.5029296875,9329.6513671875,7651.84716796875,8093.08837890625,7988.55322265625,8144.14306640625,8023.7080078125,7847.22509765625,7970.44189453125,9045.103515625,8996.763671875,9178.9501953125,9128.8154296875,9047.1875,9406.17578125,9221.5009765625,8984.3173828125,10069.2705078125,NA,NA,NA,NA,NA,NA,NA,NA,NA,NA,NA,NA,NA,NA,NA,NA,NA,NA,NA,NA,NA,NA,NA,NA,NA,NA,NA,NA,NA,NA,NA,NA,NA,NA,NA,NA,NA,NA,NA,NA,NA,NA,NA,NA,NA,NA,NA,NA,NA,NA,NA,NA,NA,NA,NA,NA,NA,NA,NA,NA,NA,NA,NA,NA,NA,NA,NA,NA,NA,NA,NA,NA,NA,NA,NA,NA,NA,NA,NA,NA,NA,NA,NA,NA
"01-OCT-2026",2026-10-01 08:19:44,2026-10-01,8H 19M 44S,"Unknown","LSRFortessa X-50 (LSRFortessa)","H66096400004","Administrator",564,335,437,442,396,313,305,526,374,404,394,270,200,217,447,351,352,375,400,305,338,248,290,310,312,323,263,275,303,255,0,114.13,36.93,-41.5,76.15,0.82,0.85,0.74,0.97,0.75,1.88,3.32,1.95,3.31,2.46,1.69,1.96,1.47,1.28,0.94,0.8,3.69,3.6,3.8,7.64,7.78,7.42,7.09,6.25,4.87,4.7,6.06,5.81,5.86,6.05,5.95,5.2,5.23,5,1.44,98537.5859375,97692.8671875,9148.3837890625,8938.755859375,8942.75,9407.3916015625,8896.1474609375,9906.2705078125,9811.6953125,9802.1533203125,9720.1796875,9115.4287109375,9687.029296875,9492.107421875,7086.17431640625,7054.3994140625,6782.86865234375,6927.77587890625,6911.34033203125,7008.44775390625,7063.986328125,8741.091796875,8641.0693359375,8672.892578125,8592.6728515625,8704.98046875,9366.060546875,9171.1513671875,8951.0390625,10122.4267578125,NA,NA,NA,NA,NA,NA,NA,NA,NA,NA,NA,NA,NA,NA,NA,NA,NA,NA,NA,NA,NA,NA,NA,NA,NA,NA,NA,NA,NA,NA,NA,NA,NA,NA,NA,NA,NA,NA,NA,NA,NA,NA,NA,NA,NA,NA,NA,NA,NA,NA,NA,NA,NA,NA,NA,NA,NA,NA,NA,NA,NA,NA,NA,NA,NA,NA,NA,NA,NA,NA,NA,NA,NA,NA,NA,NA,NA,NA,NA,NA,NA,NA,NA,NA
"30-SEP-2026",2026-09-30 09:31:58,2026-09-30,9H 31M 58S,"Unknown","LSRFortessa X-50 (LSRFortessa)","H66096400004","Administrator",564,335,437,442,396,313,305,526,374,404,394,270,200,217,447,351,352,375,400,305,338,248,290,310,312,323,263,275,303,255,0,108.88,34.67,-40.26,72.59,0.85,0.89,0.76,1.03,0.79,2.66,3.38,5.38,12.7,8.86,13.09,15.07,12.54,12.19,2.07,17.33,12.69,21.26,21.26,7.04,7.1,9.36,11.11,5.83,21.51,20.67,6.35,5.9,7.14,8.54,5.69,23.18,24.15,24.15,18.92,106005.4921875,105945.4921875,10440.2392578125,11438.9853515625,10782.1767578125,8967.7744140625,8450.3681640625,12592.6240234375,12207.765625,10521.3642578125,8616.8662109375,8936.888671875,8810.0458984375,8579.271484375,7343.06298828125,9955.166015625,10424.2705078125,10904.208984375,9739.0478515625,7900.6650390625,8039.41064453125,9668.9248046875,9736.1328125,10519.4228515625,10632.1416015625,9790.568359375,8555.28515625,8227.1669921875,7963.80224609375,8771.751953125,NA,NA,NA,NA,NA,NA,NA,NA,NA,NA,NA,NA,NA,NA,NA,NA,NA,NA,NA,NA,NA,NA,NA,NA,NA,NA,NA,NA,NA,NA,NA,NA,NA,NA,NA,NA,NA,NA,NA,NA,NA,NA,NA,NA,NA,NA,NA,NA,NA,NA,NA,NA,NA,NA,NA,NA,NA,NA,NA,NA,NA,NA,NA,NA,NA,NA,NA,NA,NA,NA,NA,NA,NA,NA,NA,NA,NA,NA,NA,NA,NA,NA,NA,NA
"29-SEP-2026",2026-09-29 09:25:10,2026-09-29,9H 25M 10S,"Unknown","LSRFortessa X-50 (LSRFortessa)","H66096400004","Administrator",564,335,437,442,396,313,305,526,374,404,394,270,200,217,447,351,352,375,400,305,338,248,290,310,312,323,263,275,303,255,0,109.08,34.72,-40.4,73.05,0.86,0.88,0.76,1.03,0.82,2.89,3.62,2.72,3.82,2.92,2.04,2.29,1.99,1.79,1.3,1.39,4.85,4.96,5.19,8.4,11.14,10.53,10.26,8.84,5.96,5.48,10.76,10.34,10.22,10.42,10.54,9.45,9.27,9.37,1.86,102969.2421875,83592.390625,9706.84912109375,9680.89306640625,9640.4560546875,9913.6171875,9564.2265625,9828.7734375,9962.7529296875,9939.05078125,9813.30322265625,9354.33251953125,9914.474609375,9692.87548828125,9966.51025390625,9472.828125,9143.669921875,9374.767578125,9370.1865234375,9367.095703125,9519.22265625,9129.4814453125,9000.9609375,9133.47607421875,9075.8447265625,9161.64013671875,9777.4091796875,9543.1484375,9299.91552734375,10105.6162109375,437,442,396,313,305,526,374,404,394,270,200,217,447,351,352,375,400,305,338,248,290,310,312,323,263,275,303,255,2.77,4.95,3.59,2.05,2.27,2.69,2.5,1.96,1.76,5.42,5.45,5.68,8.13,10.93,10.28,9.82,8.63,5.27,4.91,11.72,11.04,11.1,11.14,11.5,10.39,10.31,10.18,1.95,9186.3193359375,9589.7666015625,9610.322265625,9779.42333984375,9372.38720703125,9991.87060546875,10082.2504882812,10104.2250976562,9953.5126953125,9465.56982421875,9852.40966796875,9686.474609375,9857.32470703125,9306.26611328125,8953.97900390625,9230.732421875,9195.44873046875,9017.19677734375,9170.04833984375,8775.32861328125,8654.1611328125,8744.4052734375,8700.4521484375,8702.8955078125,9141.1962890625,8909.26611328125,8708.169921875,10236.4296875
"29-SEP-2026",2026-09-29 09:05:15,2026-09-29,9H 5M 15S,"Unknown","LSRFortessa X-50 (LSRFortessa)","H66096400004","Administrator",564,335,437,442,396,313,305,526,374,404,394,270,200,217,447,351,352,375,400,305,338,248,290,310,312,323,263,275,303,255,0,109.08,34.72,-40.4,73.05,0.86,0.88,0.76,1.03,0.82,3.93,4.81,3.67,4.99,3.77,2.66,3.15,2.53,2.24,1.83,1.8,6.33,6.41,6.77,12.12,15.35,14.95,14.39,12.58,8.73,8.03,14.04,13.3,13.28,13.53,13.45,11.53,11.69,11.6,2.35,102320.6328125,90326.4375,9710.33984375,9669.41796875,9628.5556640625,9965.52978515625,9515.5029296875,9863.005859375,9927.8056640625,9924.7607421875,9867.29296875,9399.0283203125,9953.080078125,9738.88525390625,9222.896484375,8779.46240234375,8413.36328125,8642.97021484375,8734.9580078125,8794.4052734375,8890.90234375,9091.96728515625,8935.13818359375,9037.8671875,8968.8310546875,9103.6904296875,9807.65771484375,9559.09814453125,9344.20263671875,10075.421875,437,442,396,313,305,526,374,404,394,270,200,217,447,351,352,375,400,305,338,248,290,310,312,323,263,275,303,255,3.92,6.23,4.59,2.71,3.1,3.35,2.96,2.5,2.1,7.03,7.09,7.51,11.46,14.81,14.21,13.58,11.91,7.34,6.94,15.05,14.12,14.12,14.46,14.41,12.5,12.67,12.55,2.34,9245.20947265625,9662.78662109375,9675.2578125,9883.54931640625,9376.2109375,10102.7934570312,10125.8603515625,10152.6069335938,10074.2700195312,9533.2998046875,9927.91162109375,9764.88720703125,9266.681640625,8744.11328125,8350.6552734375,8615.32958984375,8689.099609375,8572.70458984375,8681.76123046875,8922.83349609375,8772.69189453125,8812.8125,8763.9599609375,8851.537109375,9370.74853515625,9141.48291015625,8948.82568359375,10264.5395507812
"28-SEP-2026",2026-09-28 09:00:30,2026-09-28,9H 0M 30S,"Unknown","LSRFortessa X-50 (LSRFortessa)","H66096400004","Administrator",564,335,437,442,396,313,305,526,374,404,394,270,200,217,447,351,352,375,400,305,338,248,290,310,312,323,263,275,303,255,0,109.08,34.72,-40.4,73.05,0.86,0.88,0.76,1.03,0.82,2.46,3.55,2.24,3.51,2.62,1.81,2.29,1.82,1.67,1.3,1.22,3.98,3.93,4.12,8.22,10.05,9.71,9.18,7.9,5.27,5,8.55,8.18,8.06,8.2,8.77,7.7,7.33,7.2,1.77,106512.4609375,103142.4921875,9787.541015625,9703.9345703125,9600.716796875,9641.033203125,9397.13671875,10070.078125,10017.3935546875,9937.498046875,9710.5439453125,9482.9462890625,9952.490234375,9841.421875,10045.5546875,9763.91796875,9677.6015625,9630.2626953125,9500.6064453125,9380.6943359375,9546.4912109375,9501.58203125,9370.5146484375,9464.2998046875,9384.9296875,9403.802734375,10018.7314453125,9678.384765625,9488.6728515625,10060.1376953125,437,442,396,313,305,526,374,404,394,270,200,217,447,351,352,375,400,305,338,248,290,310,312,323,263,275,303,255,2.52,4.48,3.2,2.01,2.3,2.74,2.6,2.26,1.78,4.51,4.43,4.62,8.03,10.02,9.51,8.94,7.76,4.84,4.66,9.42,8.76,8.71,8.89,9.76,8.61,8.35,8.01,1.9,9271.3828125,9620.5205078125,9589.591796875,9522.064453125,9217.0927734375,10054.5224609375,9958.041015625,9947.8125,9695.8427734375,9611.8076171875,9919.958984375,9858.826171875,9913.4912109375,9584.220703125,9471.7802734375,9466.47265625,9318.9404296875,8992.484375,9165.515625,9217.0546875,9078.904296875,9143.41796875,9066.7294921875,9007.625,9432.173828125,9109.80078125,8972.6669921875,10030.642578125
"28-SEP-2026",2026-09-28 08:30:52,2026-09-28,8H 30M 52S,"Unknown","LSRFortessa X-50 (LSRFortessa)","H66096400004","Administrator",564,335,437,442,396,313,305,526,374,404,394,270,200,217,447,351,352,375,400,305,338,248,290,310,312,323,263,275,303,255,0,108.41,34.53,-40.14,72.44,0.86,0.88,0.76,1.05,0.8,2.41,3.6,2.21,3.37,2.34,1.67,2,1.54,1.31,0.93,0.93,4.25,4.19,4.34,8.68,10.48,9.78,9.48,8.26,5.66,5.42,7.25,6.8,6.8,6.98,7.19,6.19,6.15,6.07,1.57,106989.25,104151.453125,10050.744140625,9810.97705078125,9765.40966796875,10067.8056640625,9583.6865234375,10334.43359375,10049.0166015625,10046.4697265625,10218.6884765625,9566.46142578125,10139.5610351562,9911.44287109375,8424.9853515625,8221.0166015625,7766.26611328125,8006.81787109375,8093.25317382812,8144.69946289062,8215.16015625,9585.701171875,9379.46484375,9421.5419921875,9316.43310546875,9478.9814453125,10155.9799804688,9894.59033203125,9702.72802734375,10262.302734375,437,442,396,313,305,526,374,404,394,270,200,217,447,351,352,375,400,305,338,248,290,310,312,323,263,275,303,255,2.4,4.4,2.8,1.8,2.11,2.31,2.03,1.72,1.46,4.76,4.61,4.87,8.67,10.53,9.94,9.58,8.2,5.32,5.14,7.87,7.38,7.5,7.72,7.69,6.84,6.81,6.52,1.68,9471.66455078125,9812.28857421875,9818.64892578125,9967.23291015625,9434.08349609375,10488.8896484375,10164.6474609375,10182.3696289062,10345.7211914062,9676.28173828125,10073.1743164062,9905.74072265625,8165.72314453125,7896.2080078125,7427.06127929688,7705.14306640625,7775.81591796875,7641.07763671875,7719.28247070312,9796.775390625,9575.9287109375,9566.5634765625,9480.642578125,9615.8525390625,10121.0170898438,9857.12353515625,9671.5703125,10387.8715820312
"25-SEP-2026",2026-09-25 08:55:50,2026-09-25,8H 55M 50S,"Unknown","LSRFortessa X-50 (LSRFortessa)","H66096400004","Administrator",564,335,437,442,396,313,305,526,374,404,394,270,200,217,447,351,352,375,400,305,338,248,290,310,312,323,263,275,303,255,0,109.15,34.92,-40.11,73.19,0.85,0.89,0.76,1.01,0.82,2.36,3.55,2.12,3.61,2.58,1.96,2.49,1.92,1.69,1.32,1.24,4.3,4.22,4.39,8.31,10.52,9.98,9.65,8.61,5.74,5.37,9.61,9.18,9.07,9.31,9.49,8.44,8.24,8.11,1.69,94040.015625,77513.7265625,8767.701171875,8656.4423828125,8620.015625,8954.4521484375,8579.5693359375,9988.8466796875,9998.271484375,9980.677734375,9940.212890625,9237.4697265625,9794.3125,9580.439453125,8847.6484375,8430.580078125,8125.1044921875,8307.93359375,8468.5859375,8463.451171875,8630.236328125,8862.5703125,8759.638671875,8855.970703125,8796.1103515625,8843.58203125,9563.7578125,9422.154296875,9222.369140625,10193.4970703125,437,442,396,313,305,526,374,404,394,270,200,217,447,351,352,375,400,305,338,248,290,310,312,323,263,275,303,255,2.23,4.46,3.04,1.89,2.32,2.5,2.35,2.1,1.53,4.87,4.68,4.99,7.95,10.09,9.57,9.12,8.21,4.97,4.74,10.27,9.66,9.58,9.81,10.28,9.25,9.02,8.76,1.63,8457.4619140625,8773.546875,8797.5068359375,9021.9169921875,8589.28125,9963.6513671875,9930.91015625,9965.7939453125,9898.8154296875,9386.4853515625,9782.8828125,9610.22265625,9072.9306640625,8566.140625,8234.537109375,8449.03125,8593.916015625,8419.720703125,8595.783203125,8668.59765625,8550.751953125,8604.88671875,8566.25,8564.3173828125,9102.92578125,8959.2841796875,8785.697265625,10140.603515625
"25-SEP-2026",2026-09-25 08:55:50,2026-09-25,8H 55M 50S,"Unknown","LSRFortessa X-50 (LSRFortessa)","H66096400004","Administrator",564,335,437,442,396,313,305,526,374,404,394,270,200,217,447,351,352,375,400,305,338,248,290,310,312,323,263,275,303,255,0,109.15,34.92,-40.11,73.19,0.85,0.89,0.76,1.01,0.82,2.36,3.55,2.12,3.61,2.58,1.96,2.49,1.92,1.69,1.32,1.24,4.3,4.22,4.39,8.31,10.52,9.98,9.65,8.61,5.74,5.37,9.61,9.18,9.07,9.31,9.49,8.44,8.24,8.11,1.69,94040.015625,77513.7265625,8767.701171875,8656.4423828125,8620.015625,8954.4521484375,8579.5693359375,9988.8466796875,9998.271484375,9980.677734375,9940.212890625,9237.4697265625,9794.3125,9580.439453125,8847.6484375,8430.580078125,8125.1044921875,8307.93359375,8468.5859375,8463.451171875,8630.236328125,8862.5703125,8759.638671875,8855.970703125,8796.1103515625,8843.58203125,9563.7578125,9422.154296875,9222.369140625,10193.4970703125,437,442,396,313,305,526,374,404,394,270,200,217,447,351,352,375,400,305,338,248,290,310,312,323,263,275,303,255,2.23,4.46,3.04,1.89,2.32,2.5,2.35,2.1,1.53,4.87,4.68,4.99,7.95,10.09,9.57,9.12,8.21,4.97,4.74,10.27,9.66,9.58,9.81,10.28,9.25,9.02,8.76,1.63,8457.4619140625,8773.546875,8797.5068359375,9021.9169921875,8589.28125,9963.6513671875,9930.91015625,9965.7939453125,9898.8154296875,9386.4853515625,9782.8828125,9610.22265625,9072.9306640625,8566.140625,8234.537109375,8449.03125,8593.916015625,8419.720703125,8595.783203125,8668.59765625,8550.751953125,8604.88671875,8566.25,8564.3173828125,9102.92578125,8959.2841796875,8785.697265625,10140.603515625
"24-SEP-2026",2026-09-24 08:17:57,2026-09-24,8H 17M 57S,"Unknown","LSRFortessa X-50 (LSRFortessa)","H66096400004","Administrator",564,335,437,442,396,313,305,526,374,404,394,270,200,217,447,351,352,375,400,305,338,248,290,310,312,323,263,275,303,255,0,108.58,34.58,-40.07,72.52,0.86,0.9,0.76,1.05,0.81,1.93,3.39,2.22,3.97,2.77,2.87,3.13,2.22,2.09,1.09,2.86,3.43,4.12,4.26,7.41,6.98,7.01,6.85,5.83,5.53,5.21,3.79,3.64,4,4.34,4.03,4.99,5,4.91,3.31,104113.90234375,65867.34375,10031.6494140625,10415.4658203125,10139.0864257812,9268.0546875,8694.8349609375,11263.2583007812,11161.1494140625,10211.9252929688,9052.70166015625,8668.31396484375,8646.2880859375,8444.03173828125,7984.31909179688,8090.69580078125,8141.54931640625,8364.3837890625,8062.4521484375,7168.48168945312,7276.85986328125,9387.22412109375,9367.43798828125,9762.8505859375,9750.95654296875,9231.7353515625,8808.53125,8612.2109375,8440.4248046875,9096.00439453125,437,442,396,313,305,526,374,404,394,270,200,217,447,351,352,375,400,305,338,248,290,310,312,323,263,275,303,255,2.37,4.77,3.15,2.87,3.18,2.7,2.59,1.9,2.94,3.91,4.53,4.56,7.29,6.91,6.96,6.78,5.9,5.2,5.07,4.04,3.77,4.21,4.7,4.3,5.28,5.27,5.14,3.32,9457.28466796875,10324.6005859375,10144.7983398438,9177.30859375,8560.78466796875,11193.9873046875,11036.6860351562,10099.01171875,8997.8955078125,8769.541015625,8630.17138671875,8461.07080078125,7565.1044921875,7597.783203125,7611.64868164062,7867.685546875,7562.38134765625,6593.1953125,6697.33154296875,9451.34814453125,9419.7578125,9746.8515625,9731.408203125,9211.92431640625,8660.14453125,8465.96533203125,8298.92578125,9060.00244140625
"23-SEP-2026",2026-09-23 08:53:07,2026-09-23,8H 53M 7S,"Unknown","LSRFortessa X-50 (LSRFortessa)","H66096400004","Administrator",564,335,437,442,396,313,305,526,374,404,394,270,200,217,447,351,352,375,400,305,338,248,290,310,312,323,263,275,303,255,0,108.34,34.73,-39.99,72.55,0.86,0.87,0.76,1.05,0.81,2.84,3.51,2.57,3.9,2.96,1.8,1.78,1.72,1.48,1.06,1.08,4.37,4.3,4.51,7.69,8.86,8.49,8.18,7.26,5,4.74,8.2,7.78,7.9,8.07,8.01,7.02,6.84,6.84,1.4,105868.6796875,84591.7265625,9065.9912109375,9523.0009765625,9432.77734375,9378.4970703125,8959.6171875,9641.2890625,9555.912109375,9410.7724609375,9037.0810546875,8553.5703125,8958.7802734375,8787.45703125,7534.05419921875,7509.51708984375,7470.1533203125,7536.57421875,7386.609375,7390.09326171875,7571.5634765625,8510.9921875,8457.0654296875,8778.3935546875,8744.197265625,8750.830078125,9170.5751953125,8976.4287109375,8622.447265625,9298.185546875,437,442,396,313,305,526,374,404,394,270,200,217,447,351,352,375,400,305,338,248,290,310,312,323,263,275,303,255,2.62,4.74,3.35,2.03,2.04,2.27,1.92,1.61,1.37,4.81,4.66,4.98,7.67,9.11,8.6,8.34,7.5,4.76,4.6,8.84,8.27,8.35,8.64,8.51,7.58,7.56,7.3,1.55,8509.18359375,9434.72265625,9409.5244140625,9222.4755859375,8759.45703125,10073.6044921875,9950.841796875,9805.6884765625,9404.5166015625,8661.2021484375,8913.8251953125,8797.744140625,7434.2841796875,7345.57861328125,7270.58056640625,7380.1669921875,7211.31787109375,7080.16162109375,7262.7314453125,8458.662109375,8392.1064453125,8662.7470703125,8641.66796875,8629.9990234375,8872.419921875,8677.046875,8349.8603515625,9658.82421875
"23-SEP-2026",2026-09-23 08:16:22,2026-09-23,8H 16M 22S,"Unknown","LSRFortessa X-50 (LSRFortessa)","H66096400004","Administrator",564,335,437,442,396,313,305,526,374,404,394,270,200,217,447,351,352,375,400,305,338,248,290,310,312,323,263,275,303,255,0,108.34,34.73,-39.99,72.55,0.86,0.87,0.76,1.05,0.81,2.58,3.47,2.3,3.74,2.72,1.75,1.92,1.69,1.49,1.06,1.02,3.89,3.85,3.98,8.05,8.81,8.6,8.2,7.18,5.24,4.91,6.52,6.25,6.21,6.41,6.37,5.48,5.55,5.42,1.49,108045.203125,90170.26171875,9705.3916015625,9960.73291015625,9962.94873046875,10420.5654296875,9903.7509765625,10261.9272460938,9854.51513671875,9840.7265625,9891.36865234375,9359.02734375,9975.26708984375,9765.015625,7797.21533203125,7854.25805664062,7549.32470703125,7743.69311523438,7801.32934570312,7954,8000.47973632812,9446.9267578125,9358.00244140625,9489.244140625,9405.15185546875,9461.39501953125,10155.8041992188,9999.1435546875,9793.98828125,10077.8452148438,437,442,396,313,305,526,374,404,394,270,200,217,447,351,352,375,400,305,338,248,290,310,312,323,263,275,303,255,2.34,4.43,3.02,1.78,1.91,2.51,2.27,1.92,1.56,4.38,4.27,4.55,7.99,9.15,8.72,8.34,7.4,4.88,4.79,7.09,6.62,6.84,7.07,6.95,6.09,6.04,5.83,1.72,9127.6650390625,9904.98681640625,9980.34814453125,10303.2880859375,9719.82470703125,10525.6752929688,10062.2626953125,10097.7114257812,10122.0419921875,9507.98486328125,9954.83935546875,9787.82421875,7454.28979492188,7438.0439453125,7138.61596679688,7347.48559570312,7391.74096679688,7369.07202148438,7415.45947265625,9560.2548828125,9452.5634765625,9524.83251953125,9457.81787109375,9490.89990234375,9996.2734375,9846.5712890625,9646.5625,10310.4130859375
"22-SEP-2026",2026-09-22 09:00:42,2026-09-22,9H 0M 42S,"Unknown","LSRFortessa X-50 (LSRFortessa)","H66096400004","Administrator",564,335,437,442,396,313,305,526,374,404,394,270,200,217,447,351,352,375,400,305,338,248,290,310,312,323,263,275,303,255,0,108.34,34.73,-39.99,72.55,0.86,0.87,0.76,1.05,0.81,2.45,3.58,2.4,3.75,2.88,1.83,2.14,1.89,1.76,1.35,1.31,3.92,3.84,4.03,8.5,10.12,9.71,9.38,8.28,5.61,5.23,8.5,8.06,8.08,8.12,8.44,7.44,7.26,7.19,1.76,95766.078125,90911.6875,9137.3330078125,8872.064453125,8809.8310546875,8999.2646484375,8683.6630859375,10321.66015625,9771.0732421875,9751.9716796875,9610.76171875,9291.4482421875,9775.3173828125,9607.8037109375,9572.2578125,9017.39453125,9000.5673828125,8968.83984375,8909.7587890625,8944.451171875,9043.3408203125,9054.6591796875,8941.6025390625,9029.5546875,8966.421875,8964.3056640625,9612.9658203125,9465.2548828125,9257.09765625,9924.9970703125,437,442,396,313,305,526,374,404,394,270,200,217,447,351,352,375,400,305,338,248,290,310,312,323,263,275,303,255,2.52,4.44,3.2,1.91,2.07,2.61,2.49,2.05,1.6,4.48,4.33,4.56,8.1,9.87,9.41,8.98,8.09,5,4.77,9.17,8.6,8.61,8.78,9.24,8.26,8.1,7.75,1.74,8672.865234375,8839.5361328125,8827.654296875,8913.693359375,8545.2470703125,10439.5576171875,9850.19921875,9905.8798828125,9731.3828125,9445.3486328125,9768.111328125,9648.763671875,9407.619140625,8798.58203125,8757.6962890625,8769.51171875,8679.6435546875,8548.0908203125,8658.7529296875,8928.078125,8809.0966796875,8847.783203125,8797.7744140625,8744.4892578125,9214.0615234375,9075.2392578125,8893.43359375,10029.5771484375
"21-SEP-2026",2026-09-21 09:38:34,2026-09-21,9H 38M 34S,"Unknown","LSRFortessa X-50 (LSRFortessa)","H66096400004","Administrator",564,335,437,442,396,313,305,526,374,404,394,270,200,217,447,351,352,375,400,305,338,248,290,310,312,323,263,275,303,255,0,108.58,34.72,-40.09,72.54,0.85,0.88,0.76,1.04,0.8,3.93,4.35,3.79,5.01,4.3,2.64,2.65,2.49,2.2,1.66,1.64,4.98,4.85,5.07,9.55,10.58,10.04,9.65,8.75,6.2,5.89,10.43,10.11,9.99,10.16,10.99,9.36,9.07,9.04,2.4,99781.6015625,83481.6484375,9444.82373046875,9261.10302734375,8983.9765625,9025.92431640625,8811.177734375,10946.2080078125,10412.310546875,9822.80859375,9728.80908203125,9100.083984375,9936.01708984375,9601.150390625,9323.8193359375,10122.2680664062,9990.8759765625,10111.5122070312,9584.10693359375,9754.41455078125,9768.80517578125,9138.8876953125,9245.72021484375,9440.6328125,9378.9560546875,9131.12158203125,9698.74560546875,9481.46728515625,9263.51123046875,9826.50537109375,437,442,396,313,305,526,374,404,394,270,200,217,447,351,352,375,400,305,338,248,290,310,312,323,263,275,303,255,3.74,6.04,5.03,2.84,2.74,3.72,3.45,2.56,2.22,5.8,5.58,5.89,9.7,11.03,10.46,10.03,8.99,5.99,5.76,11.61,11.15,10.87,11,12.44,10.68,10.26,10.18,2.52,8962.64697265625,9201.5751953125,8977.0859375,8948.3837890625,8671.7841796875,10967.7548828125,10441.0576171875,9927.2490234375,9785.71142578125,9274.9267578125,9959.27197265625,9661.63623046875,8679.99609375,9428.951171875,9282.06640625,9426.525390625,8925.13037109375,8941.87158203125,8943.37060546875,8893.8251953125,9019.68798828125,9186.744140625,9107.85888671875,8769.68359375,9164.25537109375,8941.4697265625,8785.07470703125,9864.5849609375
"18-SEP-2026",2026-09-18 09:15:27,2026-09-18,9H 15M 27S,"Unknown","LSRFortessa X-50 (LSRFortessa)","H66096400004","Administrator",564,335,437,442,396,313,305,526,374,404,394,270,200,217,447,351,352,375,400,305,338,248,290,310,312,323,263,275,303,255,0,112.46,35.69,-41.74,75.18,0.84,0.89,0.75,1,0.8,2.72,3.54,2.56,3.9,2.83,2.52,2.76,2.2,1.96,1.39,2.17,3.99,4.38,4.6,7.87,8.93,8.55,8.23,7.32,5.56,5.2,7.64,7.21,7.24,7.38,7.72,7.38,7.3,7.02,2.64,103169.828125,91253.05859375,9785.60400390625,9761.91259765625,9607.42529296875,9439.802734375,9020.7607421875,10811.40625,10253.5029296875,9961.38818359375,9649.0712890625,9065.9140625,9416.46923828125,9197.255859375,8384.6318359375,8754.2587890625,8664.03125,8824.15234375,8590.99560546875,8344.60205078125,8449.0546875,8977.5244140625,8910.25634765625,9085.03369140625,9042.5048828125,8936.37939453125,9181.134765625,9012.5703125,8890.4892578125,9774.01708984375,437,442,396,313,305,526,374,404,394,270,200,217,447,351,352,375,400,305,338,248,290,310,312,323,263,275,303,255,2.47,4.6,3.45,2.6,2.71,2.82,2.67,1.96,2.47,4.52,4.77,5.01,7.6,8.73,8.25,8.01,7.1,5.09,4.85,8.27,7.75,7.63,7.75,8.53,8.07,7.91,7.56,2.69,9509.40234375,9895.13525390625,9824.57177734375,9555.78515625,9078.7470703125,10846.2905273438,10252.0512695312,10030.5595703125,9678.80078125,9344.697265625,9538.46533203125,9370.404296875,8634.7470703125,8949.310546875,8829.36181640625,9022.1650390625,8766.6875,8363.41455078125,8463.34423828125,8922.154296875,8851.2666015625,8987.94873046875,8946.06396484375,8787.072265625,8890.6767578125,8715.58837890625,8626.6494140625,9801.8095703125
"17-SEP-2026",2026-09-17 08:40:13,2026-09-17,8H 40M 13S,"Unknown","LSRFortessa X-50 (LSRFortessa)","H66096400004","Administrator",564,335,437,442,396,313,305,526,374,404,394,270,200,217,447,351,352,375,400,305,338,248,290,310,312,323,263,275,303,255,0,109.08,35.1,-39.96,72.78,0.85,0.91,0.77,1.02,0.81,1.62,3.43,2.14,3.34,2.34,2.75,3.4,2.48,2.41,1.2,2.67,1.99,2.91,2.97,7.39,8.04,7.63,7.35,5.9,5.15,4.93,3.06,2.62,2.97,3.33,3.45,3.24,3.42,3.49,3.25,105351.5703125,114143.8203125,10540.515625,10897.755859375,10469.1044921875,9672.111328125,9113.05859375,13138.62890625,11704.2724609375,10882.2451171875,10130.9521484375,10339.978515625,10382.5439453125,10207.3349609375,9534.244140625,10555.734375,10552.4931640625,10791.212890625,10179.18359375,8907.955078125,8985.0087890625,11241.109375,11062.345703125,11470.4248046875,11508.1103515625,11203.6513671875,10672.7373046875,10352.6669921875,10259.625,9853.6025390625,437,442,396,313,305,526,374,404,394,270,200,217,447,351,352,375,400,305,338,248,290,310,312,323,263,275,303,255,2.17,3.91,2.62,2.84,3.52,2.7,2.52,1.3,2.67,2.61,3.27,3.21,7.18,7.95,7.53,7.12,5.47,4.72,4.56,3.81,3.21,3.67,4.03,4.11,3.68,3.88,3.9,3.12,9827.8955078125,10685.5888671875,10343.1474609375,9473.2421875,8879.78515625,13077.427734375,11640.7080078125,10905.69921875,10125.0615234375,10087.07421875,9950.359375,9833.8056640625,8995.7060546875,9885.705078125,9829.6123046875,10104.0673828125,9504.234375,8111.0712890625,8194.482421875,11162.427734375,10960.693359375,11295.33984375,11349.5048828125,11006.02734375,10320.6484375,10003.2509765625,9926.7763671875,9847.857421875
"16-SEP-2026",2026-09-16 10:44:13,2026-09-16,10H 44M 13S,"Unknown","LSRFortessa X-50 (LSRFortessa)","H66096400004","Administrator",564,335,437,442,396,313,305,526,374,404,394,270,200,217,447,351,352,375,400,305,338,248,290,310,312,323,263,275,303,255,0,110,35.08,-40.52,73.61,0.84,0.88,0.76,1.04,0.8,3.18,3.85,2.88,3.25,2.86,1.91,2,2.03,1.75,1.36,1.26,2.45,2.44,2.59,6.43,6.68,6.14,5.82,4.76,3.74,3.55,5.44,5.06,5.27,5.43,5.82,4.29,4.17,4.58,1.94,105267.6875,106398.3125,10049.1215820312,10018.580078125,9901.98828125,10127.876953125,9882.53662109375,10196.447265625,10054.173828125,9965.5791015625,9866.6708984375,9887.4052734375,10357.2973632812,10124.2963867188,10288.0966796875,10416.587890625,10272.8608398438,10325.8359375,10282.185546875,10069.4028320312,10243.013671875,10181.791015625,10060.1044921875,10195.8828125,10151.4331054688,10244.681640625,10671.4448242188,10362.78125,10196.6733398438,9902.42626953125,437,442,396,313,305,526,374,404,394,270,200,217,447,351,352,375,400,305,338,248,290,310,312,323,263,275,303,255,3.01,3.85,3.47,2.13,2.02,2.78,2.29,1.82,1.65,3.07,3.05,3.2,6.38,7.07,6.51,6.06,5.07,3.55,3.54,6.49,6.17,6.19,6.37,7.19,5.54,5.28,5.77,1.99,9638.27685546875,10130.0483398438,10068.3491210938,10214.197265625,9894.9775390625,10483.9091796875,10338.1904296875,10275.3168945312,10132.5043945312,10110.9521484375,10394.9741210938,10213.9067382812,9956.27099609375,10059.2509765625,9883.580078125,9984.091796875,9925.51513671875,9504.13525390625,9681.466796875,10067.873046875,9965.1181640625,10075.5034179688,10013.0571289062,10029.4521484375,10253.8154296875,9930.9404296875,9783.74951171875,10148.6391601562
"14-SEP-2026",2026-09-14 08:36:31,2026-09-14,8H 36M 31S,"Unknown","LSRFortessa X-50 (LSRFortessa)","H66096400004","Administrator",564,335,415,425,382,303,307,508,362,396,381,270,196,211,447,353,353,370,397,311,340,240,283,296,301,314,258,271,294,251,0,108.52,34.78,-39.85,72.52,0.86,0.89,0.76,1.05,0.81,3.85,4.32,3.61,4.26,3.04,2.11,2.33,2.05,1.83,1.48,1.47,5.19,5.12,5.21,9.61,13.43,12.93,12.61,11.27,7.17,6.44,8.85,8.55,8.6,8.69,8.74,7.24,7.33,7.34,1.98,106533.0703125,106999.9921875,7025.751953125,7759.68701171875,7727.9931640625,7323.4423828125,9607.2138671875,8048.97216796875,8178.66162109375,8621.3271484375,7668.38671875,9209.623046875,7648.23291015625,7133.7255859375,7667.78369140625,8525.8388671875,8183.65478515625,7294.46533203125,7628.27294921875,9182.333984375,8328.6533203125,7229.68310546875,7551.46826171875,6540.36279296875,7291.27197265625,7650.228515625,7923.06298828125,8014.21728515625,7069.96240234375,8362.13671875,415,425,382,303,307,508,362,396,381,270,196,211,447,353,353,370,397,311,340,240,283,296,301,314,258,271,294,251,3.66,5.2,3.42,2.16,2.47,2.67,2.54,2.1,1.91,5.74,5.63,5.76,9.27,12.96,12.4,12.14,10.86,6.16,5.76,9.76,9.22,9.35,9.63,9.56,8.15,8.07,8.07,1.96,6714.5068359375,7825.83447265625,7836.36083984375,7301.85107421875,9494.44921875,8164.96435546875,8259.8984375,8753.1826171875,7769.56787109375,9372.1669921875,7687.37890625,7210.85205078125,7598.09619140625,8357.453125,7992.48388671875,7164.46826171875,7480.4580078125,8848.2197265625,8033.5771484375,7300.1083984375,7617.36376953125,6550.66650390625,7301.005859375,7640.3974609375,7776.779296875,7864.275390625,6956.7998046875,8460.56640625
"11-SEP-2026",2026-09-11 08:55:29,2026-09-11,8H 55M 29S,"Unknown","LSRFortessa X-50 (LSRFortessa)","H66096400004","Administrator",564,335,415,425,382,303,307,508,362,396,381,270,196,211,447,353,353,370,397,311,340,240,283,296,301,314,258,271,294,251,0,108.91,34.79,-39.97,72.87,0.85,0.89,0.76,1.05,0.82,2.97,3.57,2.92,3.35,2.59,2.22,2.54,1.97,1.86,1.3,1.84,4.21,4.39,4.41,8.13,10.22,9.86,9.43,8.36,5.69,5.18,6.7,6.2,6.32,6.49,6.7,5.72,5.64,5.8,2.3,96615.0390625,103655.8203125,6526.02734375,7306.8173828125,7057.416015625,6068.33154296875,7828.24462890625,8379.6044921875,8682.46484375,8444.6376953125,6845.57568359375,8491.544921875,6890.98583984375,6405.56005859375,8718.5029296875,9523.5546875,9518.513671875,8485.1416015625,8237.84375,8947.861328125,8170.1630859375,7490.87744140625,7959.2236328125,7043.77734375,7898.84228515625,7892.47412109375,7453.1318359375,7534.2958984375,6624.63916015625,7400.96533203125,415,425,382,303,307,508,362,396,381,270,196,211,447,353,353,370,397,311,340,240,283,296,301,314,258,271,294,251,2.81,4.51,3.03,2.18,2.52,2.65,2.46,1.96,1.99,4.72,4.84,5.03,7.72,9.76,9.37,9.11,8.05,4.93,4.66,7.45,6.78,6.95,7.2,7.51,6.51,6.41,6.38,2.21,6305.1494140625,7451.02197265625,7213.2138671875,6128.552734375,7839.3876953125,8440.4599609375,8722.21875,8535.7314453125,6910.12939453125,8651.849609375,6933.7001953125,6477.65380859375,8575.4912109375,9257.01171875,9210.033203125,8255.958984375,7996.21142578125,8555.4658203125,7813.24169921875,7388.12548828125,7832.13623046875,6887.07568359375,7728.74462890625,7697.76953125,7148.1337890625,7232.86328125,6383.23828125,7472.171875
"10-SEP-2026",2026-09-10 08:25:17,2026-09-10,8H 25M 17S,"Unknown","LSRFortessa X-50 (LSRFortessa)","H66096400004","Administrator",564,335,415,425,382,303,307,508,362,396,381,270,196,211,447,353,353,370,397,311,340,240,283,296,301,314,258,271,294,251,0,108.55,34.77,-39.81,72.67,0.86,0.89,0.76,1.04,0.82,5.1,5.45,4.51,5.44,4.11,2.71,3.14,2.51,2.35,1.84,1.89,5.35,5.26,5.46,11.35,15.72,15.09,14.53,12.98,8.25,7.53,8.45,7.91,8.2,8.49,8.67,7,6.83,7,2.57,107439.9453125,117963.90625,7023.01953125,7531.0302734375,7690.349609375,7928.53759765625,10380.189453125,7679.88525390625,7984.56787109375,8670.2119140625,8208.759765625,9817.65234375,8380.5302734375,7787.1484375,9156.412109375,9440.7099609375,9039.5947265625,7953.43359375,8505.435546875,10659.328125,9692.333984375,7811.7724609375,8129.947265625,6972.91748046875,7718.6826171875,8201.2119140625,8895.6845703125,9125.052734375,8084.61767578125,8966.4736328125,415,425,382,303,307,508,362,396,381,270,196,211,447,353,353,370,397,311,340,240,283,296,301,314,258,271,294,251,4.55,6.77,4.88,2.94,3.33,3.53,3.39,2.77,2.4,6.16,5.96,6.25,10.67,15.11,14.42,13.87,12.38,6.99,6.49,9.69,8.8,9.15,9.64,9.69,8.1,8.05,7.99,2.63,6686.46630859375,7564.5615234375,7742.44970703125,7867.5751953125,10224.8212890625,7815.51953125,8097.05859375,8836.2373046875,8327.8203125,9971.9619140625,8380.4580078125,7838.56982421875,9058.326171875,9246.4755859375,8832.1318359375,7805.34521484375,8325.99609375,10211.669921875,9303.369140625,7776.28271484375,8070.8369140625,6874.8212890625,7623.71435546875,8066.44482421875,8605.201171875,8804.16796875,7823.314453125,9084.4189453125
"09-SEP-2026",2026-09-09 09:38:57,2026-09-09,9H 38M 57S,"Unknown","LSRFortessa X-50 (LSRFortessa)","H66096400004","Administrator",564,335,415,425,382,303,307,508,362,396,381,270,196,211,447,353,353,370,397,311,340,240,283,296,301,314,258,271,294,251,0,108.54,34.45,-40.11,72.67,0.86,0.89,0.76,1.02,0.83,3.1,4.44,3.32,4.17,3.11,2.56,2.79,2.28,1.96,1.23,1.38,6.1,6.13,6.35,10.22,13.26,12.83,12.35,11.1,7.36,6.7,9.09,8.6,8.75,9.03,9.2,7.36,7.42,7.54,2.1,95649.50390625,104936.87109375,6201.59326171875,6740.75122070312,6743.9384765625,6272.38818359375,8360.107421875,7339.828125,7809.44921875,8321.4833984375,7246.205078125,8752.92919921875,7274.81420898438,6781.662109375,7393.97607421875,7816.578125,8056.30615234375,6770.85595703125,6838.69091796875,8313.4248046875,7660.8525390625,7266.3857421875,7582.69775390625,6587.9970703125,7375.0263671875,7733.99780273438,7989.9248046875,8038.47290039062,6963.3173828125,8054.6904296875,415,425,382,303,307,508,362,396,381,270,196,211,447,353,353,370,397,311,340,240,283,296,301,314,258,271,294,251,3.41,5.42,3.59,2.3,2.77,3.08,2.82,2.2,1.82,6.78,6.7,6.98,9.9,13.15,12.68,12.28,11.23,6.62,6.21,10.1,9.29,9.62,10.09,10.02,8.43,8.38,8.31,2.07,5835.98754882812,6750.00561523438,6763.51025390625,6190.19702148438,8187.16357421875,7365.95703125,7812.85107421875,8365.5654296875,7266.9423828125,8826.41650390625,7229.2333984375,6781.70385742188,7523.44262695312,7866.0419921875,8081.05029296875,6830.07690429688,6879.462890625,8215.5224609375,7571.91064453125,7074.4140625,7355.607421875,6357.36840820312,7122.28515625,7444.10693359375,7559.57470703125,7603.02416992188,6602.58056640625,8062.34765625
"09-SEP-2026",2026-09-09 08:34:21,2026-09-09,8H 34M 21S,"Unknown","LSRFortessa X-50 (LSRFortessa)","H66096400004","Administrator",564,335,415,425,382,303,307,508,362,396,381,270,196,211,447,353,353,370,397,311,340,240,283,296,301,314,258,271,294,251,0,108.79,34.76,-40.07,72.64,0.85,0.87,0.76,1.02,0.8,4.19,5.15,4.24,5,3.68,2.49,3.16,2.14,1.9,1.31,1.46,7.52,7.25,7.37,11.76,16.47,15.58,15.22,13.35,8.59,7.66,10.28,9.61,9.71,10.12,10.06,8.44,8.47,8.31,2.42,103683.171875,121011.875,6975.92236328125,7403.43359375,7469.32470703125,7528.0146484375,9869.3642578125,7637.45703125,7760.240234375,8414.9365234375,7952.79736328125,9273.3662109375,7944.521484375,7398.7861328125,7254.56005859375,7610.44384765625,7288.478515625,6433.767578125,6692.0029296875,8501.0166015625,7665.892578125,7451.9150390625,7760.46484375,6637.69921875,7353.13134765625,7814.5166015625,8428.79296875,8620.0908203125,7635.701171875,8617.4453125,415,425,382,303,307,508,362,396,381,270,196,211,447,353,353,370,397,311,340,240,283,296,301,314,258,271,294,251,4.24,6.11,4.05,2.39,3.04,3.35,3.16,2.56,2.14,8.18,7.99,8.14,11.52,16.86,16.02,15.7,13.88,8.11,7.46,11.25,10.56,10.8,11.17,11,9.44,9.38,9.27,2.47,6636.5478515625,7525.35888671875,7614.74658203125,7522.11279296875,9793.4677734375,7958.97607421875,8059.587890625,8768.296875,8250.3681640625,9420.32421875,7950.3154296875,7442.228515625,7144.88818359375,7420.29931640625,7085.91015625,6290.95556640625,6550.83837890625,8134.515625,7337.48779296875,7677.45361328125,7980.41796875,6785.3017578125,7517.50927734375,7973.09521484375,8456.498046875,8641.1884765625,7666.0087890625,8921.126953125
"08-SEP-2026",2026-09-08 09:10:39,2026-09-08,9H 10M 39S,"Unknown","LSRFortessa X-50 (LSRFortessa)","H66096400004","Administrator",564,335,415,425,382,303,307,508,362,396,381,270,196,211,447,353,353,370,397,311,340,240,283,296,301,314,258,271,294,251,0,108.79,34.76,-40.07,72.64,0.85,0.87,0.76,1.02,0.8,3.11,3.83,2.96,3.41,2.61,1.94,2.23,1.96,1.77,1.3,1.34,4.23,4.23,4.39,8.18,9.91,9.48,9.13,8.07,5.2,4.8,7.46,6.94,7.05,7.39,7.52,6.05,5.98,6.2,1.92,104273.9921875,118267.015625,6811.19482421875,7331.96142578125,7332.3818359375,7231.14453125,9631.7841796875,7798.56689453125,7831.85791015625,8392.8251953125,7810.11474609375,9244.9814453125,7916.99560546875,7414.61474609375,9450.8544921875,9793.126953125,9588.7578125,8314.5771484375,8434.9814453125,10684.34765625,9624.69140625,7257.79296875,7640.388671875,6563.82373046875,7282.36181640625,7728.44140625,8313.1787109375,8343.2255859375,7426.5556640625,8511.73828125,415,425,382,303,307,508,362,396,381,270,196,211,447,353,353,370,397,311,340,240,283,296,301,314,258,271,294,251,3.1,4.65,3.17,2.06,2.28,2.81,2.65,2.04,1.79,4.8,4.72,4.97,8.06,10.06,9.56,9.3,8.27,4.83,4.54,8.32,7.63,7.83,8.1,8.62,7.11,6.93,6.97,1.91,6553.0546875,7427.51904296875,7457.1572265625,7246.86669921875,9568.708984375,7931.60791015625,7941.42626953125,8560.9638671875,7936.86279296875,9415.5361328125,7933.39599609375,7468.75732421875,9369.0791015625,9645.322265625,9416.703125,8206.3076171875,8295.625,10341.298828125,9325.263671875,7230.47705078125,7609.32763671875,6497.60888671875,7220.50146484375,7625.67529296875,8055.47021484375,8067.958984375,7211.33447265625,8639.5283203125
"04-SEP-2026",2026-09-04 09:02:12,2026-09-04,9H 2M 12S,"Unknown","LSRFortessa X-50 (LSRFortessa)","H66096400004","Administrator",564,335,415,425,382,303,307,508,362,396,381,270,196,211,447,353,353,370,397,311,340,240,283,296,301,314,258,271,294,251,0,108.33,34.44,-40.11,72.47,0.87,0.89,0.76,1.04,0.82,3.35,4.04,3.16,3.53,2.59,2.04,2.38,1.96,1.69,1.31,1.4,4.98,5.11,5.23,8.46,11.3,10.96,10.66,9.6,6.01,5.37,8.28,7.84,7.94,8.09,8.03,6.47,6.58,6.74,1.99,104880.4140625,116860.59765625,6873.82836914062,7391.61547851562,7454.26611328125,7569.49389648438,9853.16357421875,7535.3984375,7834.33154296875,8515.8291015625,8176.7138671875,9295.310546875,7995.19946289062,7454.58837890625,9203.25732421875,9246.98095703125,8901.66796875,7827.328125,8213.9423828125,10388.6508789062,9457.59765625,7364.8173828125,7673.61376953125,6568.310546875,7302.64135742188,7780.771484375,8469.13671875,8673.43701171875,7709.73803710938,8729.966796875,415,425,382,303,307,508,362,396,381,270,196,211,447,353,353,370,397,311,340,240,283,296,301,314,258,271,294,251,3.31,4.66,3.23,2.09,2.42,2.61,2.35,1.84,1.61,5.38,5.58,5.79,8.09,10.75,10.33,10.15,9.08,5.1,4.76,9.34,8.61,8.82,9.07,8.98,7.61,7.6,7.69,1.83,6482.345703125,7363.68798828125,7457.40795898438,7445.38159179688,9614.21044921875,7561.99853515625,7844.529296875,8565.96533203125,8189.849609375,9433.6416015625,7992.6201171875,7491.04736328125,9130.85546875,9076.88525390625,8715.7314453125,7699.77319335938,8066.01489257812,10019.533203125,9112.6767578125,7257.6787109375,7558.30712890625,6422.2265625,7140.91772460938,7589.89111328125,8115.10498046875,8299.04443359375,7404.72705078125,8741.55078125
"03-SEP-2026",2026-09-03 08:17:18,2026-09-03,8H 17M 18S,"Unknown","LSRFortessa X-50 (LSRFortessa)","H66096400004","Administrator",564,335,415,425,382,303,307,508,362,396,381,270,196,211,447,353,353,370,397,311,340,240,283,296,301,314,258,271,294,251,0,108.33,34.44,-40.11,72.47,0.87,0.89,0.76,1.04,0.82,2.23,3.6,2.38,3.02,2.07,1.84,2.13,1.55,1.35,0.91,0.97,3.56,3.56,3.68,8.06,9.55,9.11,8.9,7.75,5.23,5.04,4.75,4.47,4.7,4.91,4.65,3.67,3.84,3.86,1.47,99901.1484375,111519.5546875,6797.7568359375,7203.81787109375,7227.158203125,7381.75732421875,9538.2841796875,8010.2041015625,8109.98388671875,8804.2998046875,8619.1279296875,9919.8134765625,8499.7001953125,7924.34716796875,8241.3291015625,8635.6162109375,8167.83203125,7239.75244140625,7575.8876953125,9580.5830078125,8623.060546875,8090.00146484375,8414.94921875,7167.66650390625,7965.0126953125,8550.0693359375,9196.1435546875,9410.865234375,8398.4501953125,9050.4833984375,415,425,382,303,307,508,362,396,381,270,196,211,447,353,353,370,397,311,340,240,283,296,301,314,258,271,294,251,2.6,3.41,2.28,1.83,2.19,2.13,1.83,1.39,1.31,4.03,4.01,4.12,7.81,9.58,9.07,8.67,7.75,4.74,4.65,5.26,4.91,5.27,5.53,5.09,4.12,4.25,4.29,1.42,6180.16650390625,6983.71142578125,7013.27587890625,7052.17333984375,9028.8173828125,8020.80029296875,8098.7763671875,8827.5322265625,8619.4990234375,9745.2783203125,8219.029296875,7710.35986328125,7670.716796875,7946.77392578125,7503.70849609375,6680.72216796875,6995.02001953125,8639.3486328125,7774.2666015625,7899.56689453125,8200.4345703125,6948.02197265625,7726.9365234375,8262.115234375,8732.0791015625,8927.3515625,7976.3134765625,9039.5751953125
"02-SEP-2026",2026-09-02 09:22:13,2026-09-02,9H 22M 13S,"Unknown","LSRFortessa X-50 (LSRFortessa)","H66096400004","Administrator",564,335,415,425,382,303,307,508,362,396,381,270,196,211,447,353,353,370,397,311,340,240,283,296,301,314,258,271,294,251,0,108.05,34.46,-39.95,72.51,0.87,0.9,0.76,1.04,0.83,4.29,5.14,3.99,5.11,3.82,3.74,4.13,3.08,2.71,2.11,2.65,5.36,5.64,5.87,12.4,13.59,13.25,12.98,11.44,8.8,8.39,6.93,6.52,6.75,7,6.99,6.13,6.27,6.43,3.28,98620.171875,107393.41015625,6875.91674804688,7507.79541015625,7412.92919921875,7069.70288085938,9092.14501953125,8209.8759765625,8537.51953125,8709.87158203125,7957.11328125,9223.0361328125,7699.87670898438,7157.17333984375,7511.05419921875,8568.396484375,8303.2626953125,7425.294921875,7559.8076171875,9017.53076171875,8146.24536132812,7798.01586914062,8232.6083984375,7159.0634765625,7986.29150390625,8253.52734375,8351.18115234375,8488.564453125,7568.6923828125,8286.94921875,415,425,382,303,307,508,362,396,381,270,196,211,447,353,353,370,397,311,340,240,283,296,301,314,258,271,294,251,4.16,6.25,4.44,3.73,4.22,3.7,3.24,2.53,2.88,6.12,6.39,6.6,12.08,13.47,12.99,12.58,11.27,8.24,7.96,7.53,6.91,7.36,7.82,7.51,6.79,6.92,7.04,3.09,6495.12915039062,7512.28442382812,7439.03173828125,6986.4228515625,8927.53955078125,8319.34521484375,8629.396484375,8847.701171875,8065.75756835938,9370.3603515625,7713.41748046875,7215.45776367188,7340.79296875,8266.91064453125,7991.17846679688,7177.7080078125,7308.322265625,8558.86865234375,7722.60083007812,7741.1201171875,8147.63305664062,7041.25561523438,7856.06201171875,8093.62280273438,8060.04956054688,8187.94897460938,7306.513671875,8387.314453125
"01-SEP-2026",2026-09-01 08:49:08,2026-09-01,8H 49M 8S,"Unknown","LSRFortessa X-50 (LSRFortessa)","H66096400004","Administrator",564,335,415,425,382,303,307,508,362,396,381,270,196,211,447,342,350,370,397,304,340,240,283,296,301,314,258,271,294,251,0,108.22,34.35,-39.91,72.45,0.86,0.9,0.76,1.04,0.83,1.55,2.96,1.83,2.59,2.21,2.54,3.32,1.74,1.55,1.09,1.36,1.73,1.75,1.73,7.31,8.05,7.59,7.06,5.86,4.87,4.55,1.76,1.43,1.87,2.04,2.4,1.91,1.83,2.14,2.09,102228.5625,99106.78125,7224.111328125,7808.6845703125,7754.5263671875,7707.6533203125,10087.052734375,8433.91796875,8649.572265625,8921.0791015625,8342.0380859375,10009.84765625,8430.537109375,7796.26953125,9024.2490234375,8119.22509765625,9601.94921875,9071.3876953125,9117.4248046875,8957.3603515625,9592.771484375,8658.0302734375,9082.572265625,7868.94873046875,8778.9755859375,9082.982421875,9309.0537109375,9495.6875,8507.6083984375,8628.7314453125,415,425,382,303,307,508,362,396,381,270,196,211,447,342,350,370,397,304,340,240,283,296,301,314,258,271,294,251,1.85,2.93,2.26,2.77,3.61,2,1.58,1.12,1.41,2.3,2.3,2.17,7.1,7.67,7.21,6.74,5.36,4.32,4.21,2.3,1.7,2.3,2.55,2.91,2.36,2.45,2.58,2.07,6839.609375,7787.08056640625,7776.64208984375,7682.5595703125,9996.333984375,8823.7109375,9052.890625,9369.1728515625,8733.888671875,10248.7763671875,8468.5244140625,7876.15869140625,8334.4619140625,7449.8837890625,8771.828125,8338.6376953125,8361.259765625,7985.2607421875,8565.142578125,8823.0400390625,9246.640625,7972.330078125,8898.5146484375,9170.7197265625,9231.1005859375,9402.166015625,8451.44921875,9039.107421875
