"SAMPLE","DateTime","DATE","TIME","Timepoint","CYT","CYTSN","OP","SSC-A_Gain","BB515-A_Gain","PerCP-Cy5.5-A_Gain","APC-A_Gain","APC-R700-A_Gain","APC-Cy7-A_Gain","BYG584-A_Gain","PE-CF594-A_Gain","PE-Cy5-A_Gain","PE-Cy7-A_Gain","BV 421-A_Gain","BV 510-A_Gain","BV 605-A_Gain","BV 650-A_Gain","BV 711-A_Gain","BV786-A_Gain","Time_Gain","Blue_LaserDelay","Red_LaserDelay","Yel Gr_LaserDelay","Violet_LaserDelay","Blue_AreaScalingFactor","Red_AreaScalingFactor","Yel Gr_AreaScalingFactor","Violet_AreaScalingFactor","FSC-A-% rCV","SSC-A-% rCV","BB515-A-% rCV","PerCP-Cy5.5-A-% rCV","APC-A-% rCV","APC-R700-A-% rCV","APC-Cy7-A-% rCV","BYG584-A-% rCV","PE-CF594-A-% rCV","PE-Cy5-A-% rCV","PE-Cy7-A-% rCV","BV 421-A-% rCV","BV 510-A-% rCV","BV 605-A-% rCV","BV 650-A-% rCV","BV 711-A-% rCV","BV786-A-% rCV","FSC-A","SSC-A","BB515-A","PerCP-Cy5.5-A","APC-A","APC-R700-A","APC-Cy7-A","BYG584-A","PE-CF594-A","PE-Cy5-A","PE-Cy7-A","BV 421-A","BV 510-A","BV 605-A","BV 650-A","BV 711-A","BV786-A"
"12-AUG-2026",2026-08-12 09:06:43,2026-08-12,9H 6M 43S,"Unknown","FACSCelesta","R66093300016","Administrator",526,205,337,336,275,225,253,366,360,286,289,145,194,300,267,242,295,0,20.41,41.6,-23.18,1,0.91,1.03,1,2.16,2.55,1.94,2.54,2.27,4.05,4.64,2.12,1.97,1.43,2.84,1.79,1.91,1.95,1.69,1.88,2.82,82077.1796875,127998.62890625,14060.3779296875,10292.9501953125,10254.17578125,12372.5590820312,8268.2998046875,11042.6279296875,15117.962890625,13089.6391601562,15049.2802734375,15291.7470703125,14971.2236328125,12542.0185546875,11916.185546875,11522.0966796875,16581.185546875
"12-AUG-2026",2026-08-12 08:27:12,2026-08-12,8H 27M 12S,"Unknown","FACSCelesta","R66093300016","Administrator",526,205,337,336,275,225,253,366,360,286,289,145,194,300,267,242,295,0,19.97,40.98,-23.13,1.02,0.92,1.04,1.01,5.42,5.17,3.81,5.26,4.41,8.83,10.98,2.52,2.28,1.78,5.54,4.33,4.95,4.18,3.28,3.61,5.94,81476.1484375,128260.94921875,14161.23046875,10512.7431640625,10365.7216796875,12657.130859375,8508.5166015625,10999.9790039062,15052.4326171875,13124.8325195312,15259.12109375,15207.7153320312,14988.876953125,12483.470703125,12013.77734375,11628.7958984375,16799.1953125
"11-AUG-2026",2026-08-11 09:29:03,2026-08-11,9H 29M 3S,"Unknown","FACSCelesta","R66093300016","Administrator",526,205,337,336,275,225,253,366,360,286,289,145,194,300,267,242,295,0,20.38,41.43,-22.91,1.03,0.92,1.03,1.01,5.08,5.26,3.5,5.99,5.45,10.33,12.52,2.85,2.4,1.82,6.51,3.88,4.82,3.83,3.58,4.14,7.01,82586.2265625,131061.21875,14550.1435546875,10548.5458984375,10230.71875,12443.4384765625,8347.6953125,10903.1181640625,14937.7314453125,12934.931640625,15021.7197265625,15399.38671875,15175.12890625,12683.697265625,11962.7216796875,11612.111328125,16699.72265625
"10-AUG-2026",2026-08-10 09:55:28,2026-08-10,9H 55M 28S,"Unknown","FACSCelesta","R66093300016","Administrator",526,205,337,336,275,225,253,366,360,286,289,145,194,300,267,242,295,0,19.93,40.86,-23.11,1.02,0.92,1.04,1.01,4.84,5.15,3.55,5.55,5.19,9.72,11.73,2.6,2.28,1.7,6.01,3.73,4.56,3.71,3.36,3.89,6.73,79789.125,127691.1875,14065.455078125,10223.6865234375,10163.1044921875,12494.2958984375,8384.263671875,11046.125,15183.71484375,13045.4609375,15255.890625,15621.0048828125,15241.7294921875,12701.0244140625,11912.666015625,11573.177734375,16850.890625
"07-AUG-2026",2026-08-07 08:24:45,2026-08-07,8H 24M 45S,"Unknown","FACSCelesta","R66093300016","Administrator",526,205,337,336,275,225,253,366,360,286,289,145,194,300,267,242,295,0,20.21,41.37,-23.41,1,0.91,1.02,1.01,2.99,3.54,2.29,3.1,2.65,4.42,5.25,2.11,2.03,1.46,2.95,2.26,2.53,2.28,1.95,2.09,3.27,79970.1484375,123184.2734375,13552.3046875,10094.599609375,10468.2431640625,12140.3095703125,8302.3818359375,10194.3779296875,14057.24609375,12960.5751953125,14672.2998046875,15062.9638671875,14634.62890625,12144.41015625,12144.41015625,11524.974609375,16598.32421875
"06-AUG-2026",2026-08-06 08:55:20,2026-08-06,8H 55M 20S,"Unknown","FACSCelesta","R66093300016","Administrator",526,205,337,336,275,225,253,366,360,286,289,145,194,300,267,242,295,0,20.09,41.05,-22.83,1.02,0.91,1.03,1.05,2.15,2.69,1.73,2.26,2.01,3.56,4.36,1.84,1.46,1.28,2.76,1.23,1.54,1.26,1.19,1.4,2.5,85338.4765625,135518.03125,14882.68359375,11076.1650390625,10324.814453125,12197.1362304688,8381.083984375,10706.7436523438,14693.8349609375,13326.4091796875,15352.5869140625,16598.9287109375,16052.5166015625,13444.2529296875,13057.1088867188,12513.0317382812,18120.853515625
"05-AUG-2026",2026-08-05 14:41:57,2026-08-05,14H 41M 57S,"Unknown","FACSCelesta","R66093300016","Administrator",526,205,337,336,275,225,253,366,360,286,289,145,194,300,267,242,295,0,20.09,41.05,-22.83,1.02,0.91,1.03,1.05,4.01,5.09,3.36,5.38,4.08,8.46,12.11,2.52,2.1,1.64,6.23,2.06,3.02,1.7,1.94,2.88,6.05,82158.5703125,129175.65625,14244.4765625,10916.3701171875,10386.5224609375,12612.3251953125,8618.9228515625,10371.3310546875,14347.2607421875,13108.0732421875,15459.482421875,16411.267578125,15736.2412109375,13221.083984375,13082.3876953125,12681.1953125,18342.50390625
"04-AUG-2026",2026-08-04 08:59:33,2026-08-04,8H 59M 33S,"Unknown","FACSCelesta","R66093300016","Administrator",526,205,337,336,275,225,253,366,360,286,289,145,194,300,267,242,295,0,21.75,41.88,-22.63,1.04,0.97,1.01,1.06,12.14,9.48,8.22,13.62,6.13,10.56,16.19,7.43,7.16,8.45,13.6,7.43,7.65,7.13,6.42,6.28,7.84,64561.939453125,107057.7890625,12382.919921875,9581.53759765625,10223.232421875,12586.1010742188,8637.53173828125,7403.91552734375,10421.9423828125,9848.142578125,12067.2211914062,16362.142578125,15738.2348632812,13289.4887695312,13137.234375,12624.6831054688,18621.515625
"03-AUG-2026",2026-08-03 09:25:25,2026-08-03,9H 25M 25S,"Unknown","FACSCelesta","R66093300016","Administrator",526,205,337,336,275,225,253,366,360,286,289,145,194,300,267,242,295,0,21.58,41.55,-22.61,1.03,0.97,1.01,1.06,7.41,6.46,4.97,7.64,3.03,4.7,8.24,5.36,5.07,5.35,8.07,7.02,7.12,6.46,5.72,5.19,5.13,66925.12109375,106692.62109375,12265.7807617188,10038.8647460938,10507.7407226562,13266.4360351562,9518.0390625,7396.42919921875,10450.8569335938,10065.7329101562,12857.3271484375,15745.3061523438,14914.7758789062,12795.271484375,13030.0693359375,12658.7329101562,19103.384765625
