"DateTime","Command"
2026-09-04 08:55:30,"cmd: SitFlush: Begin"
2026-09-03 15:41:30,"cmd: SitFlush: Begin"
2026-09-03 15:36:32,"cmd: SitFlush: Begin"
2026-09-03 15:11:17,"cmd: SitFlush: Begin"
2026-09-03 15:10:13,"cmd: SitFlush: Begin"
2026-09-03 15:08:37,"cmd: SitFlush: Begin"
2026-09-03 15:07:12,"cmd: SitFlush: Begin"
2026-09-03 15:05:46,"cmd: SitFlush: Begin"
2026-09-03 15:05:16,"cmd: SitFlush: Begin"
2026-09-03 15:04:42,"cmd: SitFlush: Begin"
2026-09-03 15:04:13,"cmd: SitFlush: Begin"
2026-09-03 15:02:57,"cmd: SitFlush: Begin"
2026-09-03 15:02:31,"cmd: SitFlush: Begin"
2026-09-03 15:02:01,"cmd: SitFlush: Begin"
2026-09-03 15:01:34,"cmd: SitFlush: Begin"
2026-09-03 15:00:55,"cmd: SitFlush: Begin"
2026-09-03 15:00:20,"cmd: SitFlush: Begin"
2026-09-03 14:59:41,"cmd: SitFlush: Begin"
2026-09-03 14:59:13,"cmd: SitFlush: Begin"
2026-09-03 14:58:42,"cmd: SitFlush: Begin"
2026-09-03 14:58:10,"cmd: SitFlush: Begin"
2026-09-03 14:53:25,"cmd: SitFlush: Begin"
2026-09-03 13:15:22,"cmd: SitFlush: Begin"
2026-09-03 13:12:06,"cmd: SitFlush: Begin"
2026-09-03 13:09:35,"cmd: SitFlush: Begin"
2026-09-03 13:06:29,"cmd: SitFlush: Begin"
2026-09-03 13:04:32,"cmd: SitFlush: Begin"
2026-09-03 13:01:41,"cmd: SitFlush: Begin"
2026-09-03 12:58:51,"cmd: SitFlush: Begin"
2026-09-03 12:55:56,"cmd: SitFlush: Begin"
2026-09-03 12:53:26,"cmd: SitFlush: Begin"
2026-09-03 12:50:18,"cmd: SitFlush: Begin"
2026-09-03 12:42:27,"cmd: SitFlush: Begin"
2026-09-03 12:39:18,"cmd: SitFlush: Begin"
2026-09-03 12:35:56,"cmd: SitFlush: Begin"
2026-09-03 12:32:29,"cmd: SitFlush: Begin"
2026-09-03 12:30:03,"cmd: SitFlush: Begin"
2026-09-03 12:26:37,"cmd: SitFlush: Begin"
2026-09-03 12:24:32,"cmd: SitFlush: Begin"
2026-09-03 12:21:21,"cmd: SitFlush: Begin"
2026-09-03 12:18:22,"cmd: SitFlush: Begin"
2026-09-03 12:16:03,"cmd: SitFlush: Begin"
2026-09-03 12:13:22,"cmd: SitFlush: Begin"
2026-09-03 12:10:45,"cmd: SitFlush: Begin"
2026-09-03 12:07:58,"cmd: SitFlush: Begin"
2026-09-03 12:05:33,"cmd: SitFlush: Begin"
2026-09-03 12:02:43,"cmd: SitFlush: Begin"
2026-09-03 11:59:42,"cmd: SitFlush: Begin"
2026-09-03 11:57:14,"cmd: SitFlush: Begin"
2026-09-03 11:54:09,"cmd: SitFlush: Begin"
2026-09-03 11:52:04,"cmd: SitFlush: Begin"
2026-09-03 11:49:24,"cmd: SitFlush: Begin"
2026-09-03 11:46:57,"cmd: SitFlush: Begin"
2026-09-03 11:44:24,"cmd: SitFlush: Begin"
2026-09-03 11:42:08,"cmd: SitFlush: Begin"
2026-09-03 11:39:17,"cmd: SitFlush: Begin"
2026-09-03 11:36:23,"cmd: SitFlush: Begin"
2026-09-03 11:33:50,"cmd: SitFlush: Begin"
2026-09-03 11:30:51,"cmd: SitFlush: Begin"
2026-09-03 11:28:33,"cmd: SitFlush: Begin"
2026-09-03 11:25:36,"cmd: SitFlush: Begin"
2026-09-03 11:22:54,"cmd: SitFlush: Begin"
2026-09-03 11:20:22,"cmd: SitFlush: Begin"
2026-09-03 11:17:43,"cmd: SitFlush: Begin"
2026-09-03 11:14:37,"cmd: SitFlush: Begin"
2026-09-03 11:11:29,"cmd: SitFlush: Begin"
2026-09-03 11:08:45,"cmd: SitFlush: Begin"
2026-09-03 10:48:20,"cmd: SitFlush: Begin"
2026-09-03 10:44:54,"cmd: SitFlush: Begin"
2026-09-03 10:43:03,"cmd: SitFlush: Begin"
2026-09-03 10:41:34,"cmd: SitFlush: Begin"
2026-09-03 09:05:28,"cmd: SitFlush: Begin"
2026-09-03 08:36:04,"cmd: SitFlush: Begin"
2026-09-02 16:08:55,"cmd: SitFlush: Begin"
2026-09-02 16:00:12,"cmd: SitFlush: Begin"
2026-09-02 15:52:35,"cmd: SitFlush: Begin"
2026-09-02 15:44:50,"cmd: SitFlush: Begin"
2026-09-02 15:29:15,"cmd: SitFlush: Begin"
2026-09-02 15:19:28,"cmd: SitFlush: Begin"
2026-09-02 15:09:34,"cmd: SitFlush: Begin"
2026-09-02 15:04:17,"cmd: SitFlush: Begin"
2026-09-02 14:56:15,"cmd: SitFlush: Begin"
2026-09-02 14:55:38,"cmd: SitFlush: Begin"
2026-09-02 14:55:00,"cmd: SitFlush: Begin"
2026-09-02 14:52:54,"cmd: SitFlush: Begin"
2026-09-02 14:50:56,"cmd: SitFlush: Begin"
2026-09-02 14:35:58,"cmd: SitFlush: Begin"
2026-09-02 14:34:31,"cmd: SitFlush: Begin"
2026-09-02 11:22:43,"cmd: SitFlush: Begin"
2026-09-02 11:14:34,"cmd: SitFlush: Begin"
2026-09-02 10:38:21,"cmd: SitFlush: Begin"
2026-09-02 10:37:34,"cmd: SitFlush: Begin"
2026-09-02 10:37:00,"cmd: SitFlush: Begin"
2026-09-02 10:36:28,"cmd: SitFlush: Begin"
2026-09-02 10:35:54,"cmd: SitFlush: Begin"
2026-09-02 10:35:22,"cmd: SitFlush: Begin"
2026-09-02 10:34:49,"cmd: SitFlush: Begin"
2026-09-02 10:34:18,"cmd: SitFlush: Begin"
2026-09-02 10:33:44,"cmd: SitFlush: Begin"
2026-09-02 10:32:54,"cmd: SitFlush: Begin"
2026-09-02 10:32:21,"cmd: SitFlush: Begin"
2026-09-02 10:31:47,"cmd: SitFlush: Begin"
2026-09-02 10:30:55,"cmd: SitFlush: Begin"
2026-09-02 10:30:21,"cmd: SitFlush: Begin"
2026-09-02 10:29:36,"cmd: SitFlush: Begin"
2026-09-02 10:28:42,"cmd: SitFlush: Begin"
2026-09-02 10:27:59,"cmd: SitFlush: Begin"
2026-09-02 10:27:26,"cmd: SitFlush: Begin"
2026-09-02 10:26:49,"cmd: SitFlush: Begin"
2026-09-02 10:26:16,"cmd: SitFlush: Begin"
2026-09-02 10:25:45,"cmd: SitFlush: Begin"
2026-09-02 10:25:14,"cmd: SitFlush: Begin"
2026-09-02 10:24:35,"cmd: SitFlush: Begin"
2026-09-02 10:24:03,"cmd: SitFlush: Begin"
2026-09-02 10:23:29,"cmd: SitFlush: Begin"
2026-09-02 10:22:33,"cmd: SitFlush: Begin"
2026-09-02 10:22:01,"cmd: SitFlush: Begin"
2026-09-02 10:21:25,"cmd: SitFlush: Begin"
2026-09-02 10:20:52,"cmd: SitFlush: Begin"
2026-09-02 10:20:04,"cmd: SitFlush: Begin"
2026-09-02 10:19:31,"cmd: SitFlush: Begin"
2026-09-02 10:18:58,"cmd: SitFlush: Begin"
2026-09-02 08:57:37,"cmd: SitFlush: Begin"
2026-09-02 08:50:57,"cmd: SitFlush: Begin"
2026-09-01 19:06:25,"cmd: SitFlush: Begin"
2026-09-01 19:05:02,"cmd: SitFlush: Begin"
2026-09-01 19:03:06,"cmd: SitFlush: Begin"
2026-09-01 18:57:08,"cmd: SitFlush: Begin"
2026-09-01 18:55:54,"cmd: SitFlush: Begin"
2026-09-01 18:54:34,"cmd: SitFlush: Begin"
2026-09-01 18:47:28,"cmd: SitFlush: Begin"
2026-09-01 18:40:45,"cmd: SitFlush: Begin"
2026-09-01 18:32:37,"cmd: SitFlush: Begin"
2026-09-01 18:23:10,"cmd: SitFlush: Begin"
2026-09-01 18:22:13,"cmd: SitFlush: Begin"
2026-09-01 18:21:37,"cmd: SitFlush: Begin"
2026-09-01 18:20:57,"cmd: SitFlush: Begin"
2026-09-01 18:20:19,"cmd: SitFlush: Begin"
2026-09-01 18:19:32,"cmd: SitFlush: Begin"
2026-09-01 18:18:50,"cmd: SitFlush: Begin"
2026-09-01 18:18:13,"cmd: SitFlush: Begin"
2026-09-01 18:17:30,"cmd: SitFlush: Begin"
2026-09-01 18:16:43,"cmd: SitFlush: Begin"
2026-09-01 18:15:43,"cmd: SitFlush: Begin"
2026-09-01 18:14:59,"cmd: SitFlush: Begin"
2026-09-01 18:14:21,"cmd: SitFlush: Begin"
2026-09-01 18:13:39,"cmd: SitFlush: Begin"
2026-09-01 18:12:55,"cmd: SitFlush: Begin"
2026-09-01 18:12:13,"cmd: SitFlush: Begin"
2026-09-01 18:11:28,"cmd: SitFlush: Begin"
2026-09-01 18:10:47,"cmd: SitFlush: Begin"
2026-09-01 18:09:59,"cmd: SitFlush: Begin"
2026-09-01 18:09:10,"cmd: SitFlush: Begin"
2026-09-01 18:08:21,"cmd: SitFlush: Begin"
2026-09-01 18:07:22,"cmd: SitFlush: Begin"
2026-09-01 17:13:50,"cmd: SitFlush: Begin"
2026-09-01 17:12:47,"cmd: SitFlush: Begin"
2026-09-01 17:11:49,"cmd: SitFlush: Begin"
2026-09-01 17:10:52,"cmd: SitFlush: Begin"
2026-09-01 17:09:49,"cmd: SitFlush: Begin"
2026-09-01 17:07:57,"cmd: SitFlush: Begin"
2026-09-01 17:06:55,"cmd: SitFlush: Begin"
2026-09-01 17:05:45,"cmd: SitFlush: Begin"
2026-09-01 17:04:20,"cmd: SitFlush: Begin"
2026-09-01 17:03:08,"cmd: SitFlush: Begin"
2026-09-01 17:01:13,"cmd: SitFlush: Begin"
2026-09-01 16:54:20,"cmd: SitFlush: Begin"
2026-09-01 16:53:12,"cmd: SitFlush: Begin"
2026-09-01 16:52:35,"cmd: SitFlush: Begin"
2026-09-01 16:51:41,"cmd: SitFlush: Begin"
2026-09-01 16:50:35,"cmd: SitFlush: Begin"
2026-09-01 16:49:51,"cmd: SitFlush: Begin"
2026-09-01 16:49:00,"cmd: SitFlush: Begin"
2026-09-01 16:48:05,"cmd: SitFlush: Begin"
2026-09-01 16:47:17,"cmd: SitFlush: Begin"
2026-09-01 14:36:11,"cmd: SitFlush: Begin"
2026-09-01 14:34:01,"cmd: SitFlush: Begin"
2026-09-01 14:29:09,"cmd: SitFlush: Begin"
2026-09-01 14:23:39,"cmd: SitFlush: Begin"
2026-09-01 14:23:10,"cmd: SitFlush: Begin"
2026-09-01 14:22:45,"cmd: SitFlush: Begin"
2026-09-01 14:22:20,"cmd: SitFlush: Begin"
2026-09-01 14:21:55,"cmd: SitFlush: Begin"
2026-09-01 14:21:31,"cmd: SitFlush: Begin"
2026-09-01 14:21:03,"cmd: SitFlush: Begin"
2026-09-01 14:20:38,"cmd: SitFlush: Begin"
2026-09-01 14:20:13,"cmd: SitFlush: Begin"
2026-09-01 14:19:49,"cmd: SitFlush: Begin"
2026-09-01 14:19:24,"cmd: SitFlush: Begin"
2026-09-01 14:18:59,"cmd: SitFlush: Begin"
2026-09-01 14:18:31,"cmd: SitFlush: Begin"
2026-09-01 14:17:57,"cmd: SitFlush: Begin"
2026-09-01 09:22:25,"cmd: SitFlush: Begin"
2026-09-01 09:20:42,"cmd: SitFlush: Begin"
2026-09-01 09:09:16,"cmd: SitFlush: Begin"
2026-08-31 09:23:39,"cmd: SitFlush: Begin"
2026-08-31 09:20:47,"cmd: SitFlush: Begin"
2026-08-31 09:18:39,"cmd: SitFlush: Begin"
2026-08-31 09:09:03,"cmd: SitFlush: Begin"
2026-08-28 16:00:29,"cmd: SitFlush: Begin"
2026-08-28 15:59:21,"cmd: SitFlush: Begin"
2026-08-28 15:58:13,"cmd: SitFlush: Begin"
2026-08-28 15:57:04,"cmd: SitFlush: Begin"
2026-08-28 15:55:57,"cmd: SitFlush: Begin"
2026-08-28 15:54:49,"cmd: SitFlush: Begin"
2026-08-28 15:44:43,"cmd: SitFlush: Begin"
2026-08-28 15:43:47,"cmd: SitFlush: Begin"
2026-08-28 15:42:55,"cmd: SitFlush: Begin"
2026-08-28 15:42:02,"cmd: SitFlush: Begin"
2026-08-28 15:41:10,"cmd: SitFlush: Begin"
2026-08-28 15:40:17,"cmd: SitFlush: Begin"
2026-08-28 15:39:25,"cmd: SitFlush: Begin"
2026-08-28 15:38:33,"cmd: SitFlush: Begin"
2026-08-28 15:37:39,"cmd: SitFlush: Begin"
2026-08-28 15:37:00,"cmd: SitFlush: Begin"
2026-08-28 15:36:07,"cmd: SitFlush: Begin"
2026-08-28 15:35:15,"cmd: SitFlush: Begin"
2026-08-28 15:34:22,"cmd: SitFlush: Begin"
2026-08-28 15:33:30,"cmd: SitFlush: Begin"
2026-08-28 15:32:38,"cmd: SitFlush: Begin"
2026-08-28 15:31:46,"cmd: SitFlush: Begin"
2026-08-28 15:30:53,"cmd: SitFlush: Begin"
2026-08-28 15:27:10,"cmd: SitFlush: Begin"
2026-08-28 15:26:02,"cmd: SitFlush: Begin"
2026-08-28 15:24:54,"cmd: SitFlush: Begin"
2026-08-28 15:23:45,"cmd: SitFlush: Begin"
2026-08-28 15:22:34,"cmd: SitFlush: Begin"
2026-08-28 15:21:26,"cmd: SitFlush: Begin"
2026-08-28 15:20:17,"cmd: SitFlush: Begin"
2026-08-28 15:19:09,"cmd: SitFlush: Begin"
2026-08-28 15:18:01,"cmd: SitFlush: Begin"
2026-08-28 15:16:53,"cmd: SitFlush: Begin"
2026-08-28 15:15:45,"cmd: SitFlush: Begin"
2026-08-28 15:14:38,"cmd: SitFlush: Begin"
2026-08-28 15:12:08,"cmd: SitFlush: Begin"
2026-08-28 15:11:00,"cmd: SitFlush: Begin"
2026-08-28 15:09:52,"cmd: SitFlush: Begin"
2026-08-28 15:08:45,"cmd: SitFlush: Begin"
2026-08-28 15:07:37,"cmd: SitFlush: Begin"
2026-08-28 15:06:25,"cmd: SitFlush: Begin"
2026-08-28 15:05:18,"cmd: SitFlush: Begin"
2026-08-28 15:04:10,"cmd: SitFlush: Begin"
2026-08-28 15:03:01,"cmd: SitFlush: Begin"
2026-08-28 15:01:54,"cmd: SitFlush: Begin"
2026-08-28 15:00:46,"cmd: SitFlush: Begin"
2026-08-28 14:59:38,"cmd: SitFlush: Begin"
2026-08-28 14:58:31,"cmd: SitFlush: Begin"
2026-08-28 14:54:01,"cmd: SitFlush: Begin"
2026-08-28 14:42:07,"cmd: SitFlush: Begin"
2026-08-28 14:40:32,"cmd: SitFlush: Begin"
2026-08-28 14:38:58,"cmd: SitFlush: Begin"
2026-08-28 14:37:23,"cmd: SitFlush: Begin"
2026-08-28 14:35:49,"cmd: SitFlush: Begin"
2026-08-28 14:34:15,"cmd: SitFlush: Begin"
2026-08-28 14:32:41,"cmd: SitFlush: Begin"
2026-08-28 14:31:07,"cmd: SitFlush: Begin"
2026-08-28 14:29:33,"cmd: SitFlush: Begin"
2026-08-28 14:27:59,"cmd: SitFlush: Begin"
2026-08-28 14:26:24,"cmd: SitFlush: Begin"
2026-08-28 14:24:50,"cmd: SitFlush: Begin"
2026-08-28 14:23:17,"cmd: SitFlush: Begin"
2026-08-28 14:21:35,"cmd: SitFlush: Begin"
2026-08-28 14:17:26,"cmd: SitFlush: Begin"
2026-08-28 14:15:57,"cmd: SitFlush: Begin"
2026-08-28 14:14:25,"cmd: SitFlush: Begin"
2026-08-28 14:13:06,"cmd: SitFlush: Begin"
2026-08-28 14:11:36,"cmd: SitFlush: Begin"
2026-08-28 14:10:12,"cmd: SitFlush: Begin"
2026-08-28 13:56:59,"cmd: SitFlush: Begin"
2026-08-28 13:55:52,"cmd: SitFlush: Begin"
2026-08-28 13:54:44,"cmd: SitFlush: Begin"
2026-08-28 13:53:37,"cmd: SitFlush: Begin"
2026-08-28 13:52:29,"cmd: SitFlush: Begin"
2026-08-28 13:38:51,"cmd: SitFlush: Begin"
2026-08-28 13:37:40,"cmd: SitFlush: Begin"
2026-08-28 13:36:33,"cmd: SitFlush: Begin"
2026-08-28 13:35:26,"cmd: SitFlush: Begin"
2026-08-28 13:34:18,"cmd: SitFlush: Begin"
2026-08-28 13:33:11,"cmd: SitFlush: Begin"
2026-08-28 13:32:04,"cmd: SitFlush: Begin"
2026-08-28 13:30:56,"cmd: SitFlush: Begin"
2026-08-28 13:29:48,"cmd: SitFlush: Begin"
2026-08-28 13:28:36,"cmd: SitFlush: Begin"
2026-08-28 13:27:29,"cmd: SitFlush: Begin"
2026-08-28 13:26:21,"cmd: SitFlush: Begin"
2026-08-28 13:25:14,"cmd: SitFlush: Begin"
2026-08-28 13:24:07,"cmd: SitFlush: Begin"
2026-08-28 13:22:59,"cmd: SitFlush: Begin"
2026-08-28 13:21:52,"cmd: SitFlush: Begin"
2026-08-28 13:20:46,"cmd: SitFlush: Begin"
2026-08-28 13:14:39,"cmd: SitFlush: Begin"
2026-08-28 13:13:31,"cmd: SitFlush: Begin"
2026-08-28 13:12:24,"cmd: SitFlush: Begin"
2026-08-28 13:11:16,"cmd: SitFlush: Begin"
2026-08-28 13:10:04,"cmd: SitFlush: Begin"
2026-08-28 13:08:56,"cmd: SitFlush: Begin"
2026-08-28 13:07:47,"cmd: SitFlush: Begin"
2026-08-28 13:06:39,"cmd: SitFlush: Begin"
2026-08-28 13:05:32,"cmd: SitFlush: Begin"
2026-08-28 13:04:24,"cmd: SitFlush: Begin"
2026-08-28 13:03:16,"cmd: SitFlush: Begin"
2026-08-28 13:02:08,"cmd: SitFlush: Begin"
2026-08-28 13:00:56,"cmd: SitFlush: Begin"
2026-08-28 12:59:48,"cmd: SitFlush: Begin"
2026-08-28 12:58:40,"cmd: SitFlush: Begin"
2026-08-28 12:57:33,"cmd: SitFlush: Begin"
2026-08-28 12:56:25,"cmd: SitFlush: Begin"
2026-08-28 12:55:17,"cmd: SitFlush: Begin"
2026-08-28 12:54:09,"cmd: SitFlush: Begin"
2026-08-28 12:53:00,"cmd: SitFlush: Begin"
2026-08-28 12:51:55,"cmd: SitFlush: Begin"
2026-08-28 12:50:48,"cmd: SitFlush: Begin"
2026-08-28 12:49:40,"cmd: SitFlush: Begin"
2026-08-28 12:48:32,"cmd: SitFlush: Begin"
2026-08-28 12:47:24,"cmd: SitFlush: Begin"
2026-08-28 12:46:16,"cmd: SitFlush: Begin"
2026-08-28 12:45:09,"cmd: SitFlush: Begin"
2026-08-28 12:44:01,"cmd: SitFlush: Begin"
2026-08-28 12:42:15,"cmd: SitFlush: Begin"
2026-08-28 12:41:49,"cmd: SitFlush: Begin"
2026-08-28 12:41:15,"cmd: SitFlush: Begin"
2026-08-28 12:40:03,"cmd: SitFlush: Begin"
2026-08-28 12:38:56,"cmd: SitFlush: Begin"
2026-08-28 12:37:48,"cmd: SitFlush: Begin"
2026-08-28 12:36:40,"cmd: SitFlush: Begin"
2026-08-28 12:35:33,"cmd: SitFlush: Begin"
2026-08-28 12:34:25,"cmd: SitFlush: Begin"
2026-08-28 12:33:17,"cmd: SitFlush: Begin"
2026-08-28 12:32:09,"cmd: SitFlush: Begin"
2026-08-28 12:30:25,"cmd: SitFlush: Begin"
2026-08-28 12:22:26,"cmd: SitFlush: Begin"
2026-08-28 12:21:17,"cmd: SitFlush: Begin"
2026-08-28 12:20:10,"cmd: SitFlush: Begin"
2026-08-28 12:19:02,"cmd: SitFlush: Begin"
2026-08-28 12:17:54,"cmd: SitFlush: Begin"
2026-08-28 12:16:46,"cmd: SitFlush: Begin"
2026-08-28 12:15:38,"cmd: SitFlush: Begin"
2026-08-28 12:14:27,"cmd: SitFlush: Begin"
2026-08-28 12:13:19,"cmd: SitFlush: Begin"
2026-08-28 12:12:11,"cmd: SitFlush: Begin"
2026-08-28 12:11:04,"cmd: SitFlush: Begin"
2026-08-28 12:09:55,"cmd: SitFlush: Begin"
2026-08-28 12:08:48,"cmd: SitFlush: Begin"
2026-08-28 12:07:40,"cmd: SitFlush: Begin"
2026-08-28 12:06:33,"cmd: SitFlush: Begin"
2026-08-28 12:05:21,"cmd: SitFlush: Begin"
2026-08-28 12:04:13,"cmd: SitFlush: Begin"
2026-08-28 12:03:05,"cmd: SitFlush: Begin"
2026-08-28 12:01:57,"cmd: SitFlush: Begin"
2026-08-28 12:00:49,"cmd: SitFlush: Begin"
2026-08-28 11:59:42,"cmd: SitFlush: Begin"
2026-08-28 11:58:32,"cmd: SitFlush: Begin"
2026-08-28 11:57:24,"cmd: SitFlush: Begin"
2026-08-28 11:54:34,"cmd: SitFlush: Begin"
2026-08-28 11:53:25,"cmd: SitFlush: Begin"
2026-08-28 11:52:17,"cmd: SitFlush: Begin"
2026-08-28 11:51:07,"cmd: SitFlush: Begin"
2026-08-28 11:40:44,"cmd: SitFlush: Begin"
2026-08-28 11:33:33,"cmd: SitFlush: Begin"
2026-08-28 11:32:34,"cmd: SitFlush: Begin"
2026-08-28 11:32:05,"cmd: SitFlush: Begin"
2026-08-28 11:27:06,"cmd: SitFlush: Begin"
2026-08-28 11:25:21,"cmd: SitFlush: Begin"
2026-08-28 11:24:53,"cmd: SitFlush: Begin"
2026-08-28 11:24:13,"cmd: SitFlush: Begin"
2026-08-28 11:23:28,"cmd: SitFlush: Begin"
2026-08-28 11:22:51,"cmd: SitFlush: Begin"
2026-08-28 11:22:18,"cmd: SitFlush: Begin"
2026-08-28 11:21:44,"cmd: SitFlush: Begin"
2026-08-28 11:21:00,"cmd: SitFlush: Begin"
2026-08-28 11:20:31,"cmd: SitFlush: Begin"
2026-08-28 11:19:53,"cmd: SitFlush: Begin"
2026-08-28 11:19:16,"cmd: SitFlush: Begin"
2026-08-28 11:11:33,"cmd: SitFlush: Begin"
2026-08-28 11:10:24,"cmd: SitFlush: Begin"
2026-08-28 11:09:15,"cmd: SitFlush: Begin"
2026-08-28 11:08:06,"cmd: SitFlush: Begin"
2026-08-28 11:06:58,"cmd: SitFlush: Begin"
2026-08-28 11:05:50,"cmd: SitFlush: Begin"
2026-08-28 11:04:42,"cmd: SitFlush: Begin"
2026-08-28 11:03:31,"cmd: SitFlush: Begin"
2026-08-28 11:02:23,"cmd: SitFlush: Begin"
2026-08-28 11:01:15,"cmd: SitFlush: Begin"
2026-08-28 11:00:08,"cmd: SitFlush: Begin"
2026-08-28 10:58:59,"cmd: SitFlush: Begin"
2026-08-28 10:57:50,"cmd: SitFlush: Begin"
2026-08-28 10:56:41,"cmd: SitFlush: Begin"
2026-08-28 10:55:32,"cmd: SitFlush: Begin"
2026-08-28 10:54:19,"cmd: SitFlush: Begin"
2026-08-28 10:53:10,"cmd: SitFlush: Begin"
2026-08-28 10:52:00,"cmd: SitFlush: Begin"
2026-08-28 10:50:51,"cmd: SitFlush: Begin"
2026-08-28 10:49:43,"cmd: SitFlush: Begin"
2026-08-28 10:48:34,"cmd: SitFlush: Begin"
2026-08-28 10:47:25,"cmd: SitFlush: Begin"
2026-08-28 10:46:16,"cmd: SitFlush: Begin"
2026-08-28 10:36:32,"cmd: SitFlush: Begin"
2026-08-28 10:35:44,"cmd: SitFlush: Begin"
2026-08-28 10:34:46,"cmd: SitFlush: Begin"
2026-08-28 10:33:34,"cmd: SitFlush: Begin"
2026-08-28 10:32:27,"cmd: SitFlush: Begin"
2026-08-28 10:31:20,"cmd: SitFlush: Begin"
2026-08-28 10:30:13,"cmd: SitFlush: Begin"
2026-08-28 10:29:05,"cmd: SitFlush: Begin"
2026-08-28 10:27:57,"cmd: SitFlush: Begin"
2026-08-28 10:27:25,"cmd: SitFlush: Begin"
2026-08-28 10:27:01,"cmd: SitFlush: Begin"
2026-08-28 10:25:33,"cmd: SitFlush: Begin"
2026-08-28 10:24:49,"cmd: SitFlush: Begin"
2026-08-28 10:23:11,"cmd: SitFlush: Begin"
2026-08-28 10:06:04,"cmd: SitFlush: Begin"
2026-08-28 10:04:57,"cmd: SitFlush: Begin"
2026-08-28 10:03:50,"cmd: SitFlush: Begin"
2026-08-28 10:02:43,"cmd: SitFlush: Begin"
2026-08-28 10:01:36,"cmd: SitFlush: Begin"
2026-08-28 10:00:28,"cmd: SitFlush: Begin"
2026-08-28 09:59:20,"cmd: SitFlush: Begin"
2026-08-28 09:58:09,"cmd: SitFlush: Begin"
2026-08-28 09:57:02,"cmd: SitFlush: Begin"
2026-08-28 09:55:55,"cmd: SitFlush: Begin"
2026-08-28 09:54:47,"cmd: SitFlush: Begin"
2026-08-28 09:53:40,"cmd: SitFlush: Begin"
2026-08-28 09:52:33,"cmd: SitFlush: Begin"
2026-08-28 09:51:27,"cmd: SitFlush: Begin"
2026-08-28 09:49:18,"cmd: SitFlush: Begin"
2026-08-28 09:46:47,"cmd: SitFlush: Begin"
2026-08-28 08:41:36,"cmd: SitFlush: Begin"
2026-08-28 08:35:56,"cmd: SitFlush: Begin"
2026-08-27 17:25:57,"cmd: SitFlush: Begin"
2026-08-27 17:23:04,"cmd: SitFlush: Begin"
2026-08-27 17:20:30,"cmd: SitFlush: Begin"
2026-08-27 17:13:13,"cmd: SitFlush: Begin"
2026-08-27 17:07:55,"cmd: SitFlush: Begin"
2026-08-27 17:05:34,"cmd: SitFlush: Begin"
2026-08-27 17:03:45,"cmd: SitFlush: Begin"
2026-08-27 16:58:49,"cmd: SitFlush: Begin"
2026-08-27 16:46:47,"cmd: SitFlush: Begin"
2026-08-27 16:44:25,"cmd: SitFlush: Begin"
2026-08-27 16:42:35,"cmd: SitFlush: Begin"
2026-08-27 16:41:43,"cmd: SitFlush: Begin"
2026-08-27 16:40:50,"cmd: SitFlush: Begin"
2026-08-27 16:39:56,"cmd: SitFlush: Begin"
2026-08-27 16:38:56,"cmd: SitFlush: Begin"
2026-08-27 16:37:48,"cmd: SitFlush: Begin"
2026-08-27 14:35:44,"cmd: SitFlush: Begin"
2026-08-27 14:23:29,"cmd: SitFlush: Begin"
2026-08-27 12:42:40,"cmd: SitFlush: Begin"
2026-08-27 12:40:57,"cmd: SitFlush: Begin"
2026-08-27 12:39:15,"cmd: SitFlush: Begin"
2026-08-27 12:37:28,"cmd: SitFlush: Begin"
2026-08-27 12:35:44,"cmd: SitFlush: Begin"
2026-08-27 12:34:00,"cmd: SitFlush: Begin"
2026-08-27 12:32:14,"cmd: SitFlush: Begin"
2026-08-27 12:30:27,"cmd: SitFlush: Begin"
2026-08-27 12:28:43,"cmd: SitFlush: Begin"
2026-08-27 12:27:00,"cmd: SitFlush: Begin"
2026-08-27 12:25:17,"cmd: SitFlush: Begin"
2026-08-27 12:23:35,"cmd: SitFlush: Begin"
2026-08-27 12:21:52,"cmd: SitFlush: Begin"
2026-08-27 12:20:10,"cmd: SitFlush: Begin"
2026-08-27 12:18:28,"cmd: SitFlush: Begin"
2026-08-27 12:16:39,"cmd: SitFlush: Begin"
2026-08-27 12:14:57,"cmd: SitFlush: Begin"
2026-08-27 12:13:13,"cmd: SitFlush: Begin"
2026-08-27 12:11:30,"cmd: SitFlush: Begin"
2026-08-27 12:09:48,"cmd: SitFlush: Begin"
2026-08-27 12:08:05,"cmd: SitFlush: Begin"
2026-08-27 12:06:23,"cmd: SitFlush: Begin"
2026-08-27 12:04:40,"cmd: SitFlush: Begin"
2026-08-27 11:56:53,"cmd: SitFlush: Begin"
2026-08-27 11:49:28,"cmd: SitFlush: Begin"
2026-08-27 11:44:05,"cmd: SitFlush: Begin"
2026-08-27 11:38:44,"cmd: SitFlush: Begin"
2026-08-27 11:33:28,"cmd: SitFlush: Begin"
2026-08-27 11:28:09,"cmd: SitFlush: Begin"
2026-08-27 11:22:53,"cmd: SitFlush: Begin"
2026-08-27 11:17:35,"cmd: SitFlush: Begin"
2026-08-27 11:12:16,"cmd: SitFlush: Begin"
2026-08-27 11:06:59,"cmd: SitFlush: Begin"
2026-08-27 11:01:37,"cmd: SitFlush: Begin"
2026-08-27 10:56:17,"cmd: SitFlush: Begin"
2026-08-27 10:50:58,"cmd: SitFlush: Begin"
2026-08-27 10:45:41,"cmd: SitFlush: Begin"
2026-08-27 10:40:25,"cmd: SitFlush: Begin"
2026-08-27 10:35:09,"cmd: SitFlush: Begin"
2026-08-27 10:29:52,"cmd: SitFlush: Begin"
2026-08-27 10:24:32,"cmd: SitFlush: Begin"
2026-08-27 10:18:55,"cmd: SitFlush: Begin"
2026-08-27 10:17:31,"cmd: SitFlush: Begin"
2026-08-27 10:16:20,"cmd: SitFlush: Begin"
2026-08-27 10:11:07,"cmd: SitFlush: Begin"
2026-08-27 10:05:51,"cmd: SitFlush: Begin"
2026-08-27 10:00:32,"cmd: SitFlush: Begin"
2026-08-27 09:55:11,"cmd: SitFlush: Begin"
2026-08-27 09:49:49,"cmd: SitFlush: Begin"
2026-08-27 09:44:28,"cmd: SitFlush: Begin"
2026-08-27 09:35:04,"cmd: SitFlush: Begin"
2026-08-27 09:28:50,"cmd: SitFlush: Begin"
2026-08-27 09:22:11,"cmd: SitFlush: Begin"
2026-08-27 09:14:24,"cmd: SitFlush: Begin"
2026-08-27 08:42:15,"cmd: SitFlush: Begin"
2026-08-26 19:02:03,"cmd: SitFlush: Begin"
2026-08-26 19:01:53,"cmd: SitFlush: Begin"
2026-08-26 18:52:13,"cmd: SitFlush: Begin"
2026-08-26 18:51:34,"cmd: SitFlush: Begin"
2026-08-26 18:51:24,"cmd: SitFlush: Begin"
2026-08-26 18:38:46,"cmd: SitFlush: Begin"
2026-08-26 18:38:36,"cmd: SitFlush: Begin"
2026-08-26 18:31:16,"cmd: SitFlush: Begin"
2026-08-26 18:30:50,"cmd: SitFlush: Begin"
2026-08-26 18:01:13,"cmd: SitFlush: Begin"
2026-08-26 17:59:58,"cmd: SitFlush: Begin"
2026-08-26 17:49:57,"cmd: SitFlush: Begin"
2026-08-26 17:49:16,"cmd: SitFlush: Begin"
2026-08-26 17:48:36,"cmd: SitFlush: Begin"
2026-08-26 17:47:48,"cmd: SitFlush: Begin"
2026-08-26 17:47:05,"cmd: SitFlush: Begin"
2026-08-26 17:46:24,"cmd: SitFlush: Begin"
2026-08-26 17:45:27,"cmd: SitFlush: Begin"
2026-08-26 17:44:44,"cmd: SitFlush: Begin"
2026-08-26 17:44:00,"cmd: SitFlush: Begin"
2026-08-26 17:43:17,"cmd: SitFlush: Begin"
2026-08-26 17:42:33,"cmd: SitFlush: Begin"
2026-08-26 17:41:51,"cmd: SitFlush: Begin"
2026-08-26 17:41:03,"cmd: SitFlush: Begin"
2026-08-26 17:40:18,"cmd: SitFlush: Begin"
2026-08-26 17:39:39,"cmd: SitFlush: Begin"
2026-08-26 17:38:57,"cmd: SitFlush: Begin"
2026-08-26 17:38:11,"cmd: SitFlush: Begin"
2026-08-26 17:37:32,"cmd: SitFlush: Begin"
2026-08-26 17:36:51,"cmd: SitFlush: Begin"
2026-08-26 17:35:51,"cmd: SitFlush: Begin"
2026-08-26 17:35:03,"cmd: SitFlush: Begin"
2026-08-26 17:32:10,"cmd: SitFlush: Begin"
2026-08-26 16:18:40,"cmd: SitFlush: Begin"
2026-08-26 16:16:18,"cmd: SitFlush: Begin"
2026-08-26 16:13:49,"cmd: SitFlush: Begin"
2026-08-26 16:11:28,"cmd: SitFlush: Begin"
2026-08-26 16:09:07,"cmd: SitFlush: Begin"
2026-08-26 16:06:45,"cmd: SitFlush: Begin"
2026-08-26 16:04:23,"cmd: SitFlush: Begin"
2026-08-26 16:02:01,"cmd: SitFlush: Begin"
2026-08-26 15:59:40,"cmd: SitFlush: Begin"
2026-08-26 15:57:17,"cmd: SitFlush: Begin"
2026-08-26 15:54:50,"cmd: SitFlush: Begin"
2026-08-26 15:52:29,"cmd: SitFlush: Begin"
2026-08-26 15:50:08,"cmd: SitFlush: Begin"
2026-08-26 15:47:46,"cmd: SitFlush: Begin"
2026-08-26 15:45:25,"cmd: SitFlush: Begin"
2026-08-26 15:43:03,"cmd: SitFlush: Begin"
2026-08-26 15:40:42,"cmd: SitFlush: Begin"
2026-08-26 15:38:44,"cmd: SitFlush: Begin"
2026-08-26 15:36:16,"cmd: SitFlush: Begin"
2026-08-26 15:33:55,"cmd: SitFlush: Begin"
2026-08-26 15:31:33,"cmd: SitFlush: Begin"
2026-08-26 15:29:11,"cmd: SitFlush: Begin"
2026-08-26 15:26:50,"cmd: SitFlush: Begin"
2026-08-26 15:25:29,"cmd: SitFlush: Begin"
2026-08-26 15:23:07,"cmd: SitFlush: Begin"
2026-08-26 15:20:53,"cmd: SitFlush: Begin"
2026-08-26 15:14:35,"cmd: SitFlush: Begin"
2026-08-26 15:09:09,"cmd: SitFlush: Begin"
2026-08-26 15:03:38,"cmd: SitFlush: Begin"
2026-08-26 14:58:12,"cmd: SitFlush: Begin"
2026-08-26 14:52:43,"cmd: SitFlush: Begin"
2026-08-26 14:47:16,"cmd: SitFlush: Begin"
2026-08-26 14:41:14,"cmd: SitFlush: Begin"
2026-08-26 14:35:36,"cmd: SitFlush: Begin"
2026-08-26 14:29:29,"cmd: SitFlush: Begin"
2026-08-26 14:26:35,"cmd: SitFlush: Begin"
2026-08-26 14:25:39,"cmd: SitFlush: Begin"
2026-08-26 14:24:43,"cmd: SitFlush: Begin"
2026-08-26 14:23:59,"cmd: SitFlush: Begin"
2026-08-26 14:17:28,"cmd: SitFlush: Begin"
2026-08-26 14:16:49,"cmd: SitFlush: Begin"
2026-08-26 14:11:19,"cmd: SitFlush: Begin"
2026-08-26 14:05:48,"cmd: SitFlush: Begin"
2026-08-26 14:00:15,"cmd: SitFlush: Begin"
2026-08-26 13:54:40,"cmd: SitFlush: Begin"
2026-08-26 13:49:13,"cmd: SitFlush: Begin"
2026-08-26 13:43:43,"cmd: SitFlush: Begin"
2026-08-26 13:37:52,"cmd: SitFlush: Begin"
2026-08-26 13:31:55,"cmd: SitFlush: Begin"
2026-08-26 13:28:25,"cmd: SitFlush: Begin"
2026-08-26 13:24:56,"cmd: SitFlush: Begin"
2026-08-26 13:20:35,"cmd: SitFlush: Begin"
2026-08-26 13:19:25,"cmd: SitFlush: Begin"
2026-08-26 13:14:04,"cmd: SitFlush: Begin"
2026-08-26 13:08:51,"cmd: SitFlush: Begin"
2026-08-26 13:03:25,"cmd: SitFlush: Begin"
2026-08-26 12:56:20,"cmd: SitFlush: Begin"
2026-08-26 12:51:05,"cmd: SitFlush: Begin"
2026-08-26 12:46:14,"cmd: SitFlush: Begin"
2026-08-26 12:42:19,"cmd: SitFlush: Begin"
2026-08-26 12:34:17,"cmd: SitFlush: Begin"
2026-08-26 12:29:59,"cmd: SitFlush: Begin"
2026-08-26 12:25:41,"cmd: SitFlush: Begin"
2026-08-26 12:20:29,"cmd: SitFlush: Begin"
2026-08-26 12:04:29,"cmd: SitFlush: Begin"
2026-08-26 12:03:44,"cmd: SitFlush: Begin"
2026-08-26 12:02:38,"cmd: SitFlush: Begin"
2026-08-26 12:01:55,"cmd: SitFlush: Begin"
2026-08-26 12:00:41,"cmd: SitFlush: Begin"
2026-08-26 11:59:52,"cmd: SitFlush: Begin"
2026-08-26 11:58:39,"cmd: SitFlush: Begin"
2026-08-26 11:57:45,"cmd: SitFlush: Begin"
2026-08-26 11:56:44,"cmd: SitFlush: Begin"
2026-08-26 11:55:43,"cmd: SitFlush: Begin"
2026-08-26 11:54:58,"cmd: SitFlush: Begin"
2026-08-26 11:54:18,"cmd: SitFlush: Begin"
2026-08-26 11:53:40,"cmd: SitFlush: Begin"
2026-08-26 11:52:21,"cmd: SitFlush: Begin"
2026-08-26 11:49:04,"cmd: SitFlush: Begin"
2026-08-26 11:42:39,"cmd: SitFlush: Begin"
2026-08-26 11:40:49,"cmd: SitFlush: Begin"
2026-08-26 11:40:11,"cmd: SitFlush: Begin"
2026-08-26 11:37:26,"cmd: SitFlush: Begin"
2026-08-26 11:32:47,"cmd: SitFlush: Begin"
2026-08-26 11:29:31,"cmd: SitFlush: Begin"
2026-08-26 11:26:47,"cmd: SitFlush: Begin"
2026-08-26 11:26:19,"cmd: SitFlush: Begin"
2026-08-26 11:25:30,"cmd: SitFlush: Begin"
2026-08-26 11:23:52,"cmd: SitFlush: Begin"
2026-08-26 11:22:32,"cmd: SitFlush: Begin"
2026-08-26 11:21:10,"cmd: SitFlush: Begin"
2026-08-26 11:19:56,"cmd: SitFlush: Begin"
2026-08-26 11:08:28,"cmd: SitFlush: Begin"
2026-08-26 11:06:40,"cmd: SitFlush: Begin"
2026-08-26 11:00:59,"cmd: SitFlush: Begin"
2026-08-26 10:35:12,"cmd: SitFlush: Begin"
2026-08-26 10:34:08,"cmd: SitFlush: Begin"
2026-08-26 10:33:25,"cmd: SitFlush: Begin"
2026-08-26 10:31:47,"cmd: SitFlush: Begin"
2026-08-26 10:31:03,"cmd: SitFlush: Begin"
2026-08-26 10:15:53,"cmd: SitFlush: Begin"
2026-08-26 10:14:22,"cmd: SitFlush: Begin"
2026-08-26 10:12:11,"cmd: SitFlush: Begin"
2026-08-26 10:10:38,"cmd: SitFlush: Begin"
2026-08-26 10:07:47,"cmd: SitFlush: Begin"
2026-08-26 10:05:22,"cmd: SitFlush: Begin"
2026-08-26 10:02:46,"cmd: SitFlush: Begin"
2026-08-26 10:00:29,"cmd: SitFlush: Begin"
2026-08-26 09:52:23,"cmd: SitFlush: Begin"
2026-08-26 09:51:30,"cmd: SitFlush: Begin"
2026-08-26 09:49:53,"cmd: SitFlush: Begin"
2026-08-26 09:49:03,"cmd: SitFlush: Begin"
2026-08-26 09:48:25,"cmd: SitFlush: Begin"
2026-08-26 09:47:52,"cmd: SitFlush: Begin"
2026-08-26 09:46:57,"cmd: SitFlush: Begin"
2026-08-26 09:46:04,"cmd: SitFlush: Begin"
2026-08-26 08:36:42,"cmd: SitFlush: Begin"
2026-08-26 08:30:37,"cmd: SitFlush: Begin"
2026-08-24 15:18:32,"cmd: SitFlush: Begin"
2026-08-24 15:16:52,"cmd: SitFlush: Begin"
2026-08-24 15:14:39,"cmd: SitFlush: Begin"
2026-08-24 15:12:06,"cmd: SitFlush: Begin"
2026-08-24 15:10:13,"cmd: SitFlush: Begin"
2026-08-24 15:08:46,"cmd: SitFlush: Begin"
2026-08-24 15:07:19,"cmd: SitFlush: Begin"
2026-08-24 14:59:00,"cmd: SitFlush: Begin"
2026-08-24 14:57:27,"cmd: SitFlush: Begin"
2026-08-24 14:55:50,"cmd: SitFlush: Begin"
2026-08-24 14:51:37,"cmd: SitFlush: Begin"
2026-08-24 13:58:12,"cmd: SitFlush: Begin"
2026-08-24 13:53:49,"cmd: SitFlush: Begin"
2026-08-24 13:48:10,"cmd: SitFlush: Begin"
2026-08-24 13:42:08,"cmd: SitFlush: Begin"
2026-08-24 13:38:13,"cmd: SitFlush: Begin"
2026-08-24 13:33:57,"cmd: SitFlush: Begin"
2026-08-24 13:29:32,"cmd: SitFlush: Begin"
2026-08-24 13:26:31,"cmd: SitFlush: Begin"
2026-08-24 13:23:08,"cmd: SitFlush: Begin"
2026-08-24 13:19:19,"cmd: SitFlush: Begin"
2026-08-24 13:12:43,"cmd: SitFlush: Begin"
2026-08-24 13:09:50,"cmd: SitFlush: Begin"
2026-08-24 13:06:31,"cmd: SitFlush: Begin"
2026-08-24 13:02:33,"cmd: SitFlush: Begin"
2026-08-24 13:00:25,"cmd: SitFlush: Begin"
2026-08-24 12:35:31,"cmd: SitFlush: Begin"
2026-08-24 12:34:50,"cmd: SitFlush: Begin"
2026-08-24 12:34:19,"cmd: SitFlush: Begin"
2026-08-24 12:33:42,"cmd: SitFlush: Begin"
2026-08-24 12:33:09,"cmd: SitFlush: Begin"
2026-08-24 12:32:32,"cmd: SitFlush: Begin"
2026-08-24 12:31:58,"cmd: SitFlush: Begin"
2026-08-24 12:31:19,"cmd: SitFlush: Begin"
2026-08-24 12:30:46,"cmd: SitFlush: Begin"
2026-08-24 12:30:11,"cmd: SitFlush: Begin"
2026-08-24 12:29:36,"cmd: SitFlush: Begin"
2026-08-24 12:28:56,"cmd: SitFlush: Begin"
2026-08-24 12:28:19,"cmd: SitFlush: Begin"
2026-08-24 12:27:41,"cmd: SitFlush: Begin"
2026-08-24 12:27:07,"cmd: SitFlush: Begin"
2026-08-24 12:26:30,"cmd: SitFlush: Begin"
2026-08-24 12:25:59,"cmd: SitFlush: Begin"
2026-08-24 12:25:23,"cmd: SitFlush: Begin"
2026-08-24 12:24:51,"cmd: SitFlush: Begin"
2026-08-24 12:24:14,"cmd: SitFlush: Begin"
2026-08-24 12:23:41,"cmd: SitFlush: Begin"
2026-08-24 12:23:02,"cmd: SitFlush: Begin"
2026-08-24 12:22:26,"cmd: SitFlush: Begin"
2026-08-24 12:21:44,"cmd: SitFlush: Begin"
2026-08-24 12:21:08,"cmd: SitFlush: Begin"
2026-08-24 12:20:30,"cmd: SitFlush: Begin"
2026-08-24 12:19:54,"cmd: SitFlush: Begin"
2026-08-24 12:19:13,"cmd: SitFlush: Begin"
2026-08-24 12:18:39,"cmd: SitFlush: Begin"
2026-08-24 12:17:48,"cmd: SitFlush: Begin"
2026-08-24 12:16:02,"cmd: SitFlush: Begin"
2026-08-24 12:14:33,"cmd: SitFlush: Begin"
2026-08-24 12:13:54,"cmd: SitFlush: Begin"
2026-08-24 12:11:57,"cmd: SitFlush: Begin"
2026-08-24 08:46:58,"cmd: SitFlush: Begin"
2026-08-21 20:39:51,"cmd: SitFlush: Begin"
2026-08-21 20:37:49,"cmd: SitFlush: Begin"
2026-08-21 20:35:44,"cmd: SitFlush: Begin"
2026-08-21 20:33:40,"cmd: SitFlush: Begin"
2026-08-21 20:31:36,"cmd: SitFlush: Begin"
2026-08-21 20:29:34,"cmd: SitFlush: Begin"
2026-08-21 20:27:26,"cmd: SitFlush: Begin"
2026-08-21 20:25:24,"cmd: SitFlush: Begin"
2026-08-21 20:23:21,"cmd: SitFlush: Begin"
2026-08-21 20:21:17,"cmd: SitFlush: Begin"
2026-08-21 20:19:14,"cmd: SitFlush: Begin"
2026-08-21 20:17:12,"cmd: SitFlush: Begin"
2026-08-21 20:15:09,"cmd: SitFlush: Begin"
2026-08-21 20:13:06,"cmd: SitFlush: Begin"
2026-08-21 20:11:00,"cmd: SitFlush: Begin"
2026-08-21 20:08:57,"cmd: SitFlush: Begin"
2026-08-21 20:06:54,"cmd: SitFlush: Begin"
2026-08-21 20:04:52,"cmd: SitFlush: Begin"
2026-08-21 20:02:49,"cmd: SitFlush: Begin"
2026-08-21 20:00:45,"cmd: SitFlush: Begin"
2026-08-21 19:58:42,"cmd: SitFlush: Begin"
2026-08-21 19:56:40,"cmd: SitFlush: Begin"
2026-08-21 19:54:34,"cmd: SitFlush: Begin"
2026-08-21 19:52:31,"cmd: SitFlush: Begin"
2026-08-21 19:50:29,"cmd: SitFlush: Begin"
2026-08-21 19:48:25,"cmd: SitFlush: Begin"
2026-08-21 19:46:23,"cmd: SitFlush: Begin"
2026-08-21 19:44:24,"cmd: SitFlush: Begin"
2026-08-21 19:42:18,"cmd: SitFlush: Begin"
2026-08-21 19:39:49,"cmd: SitFlush: Begin"
2026-08-21 19:36:00,"cmd: SitFlush: Begin"
2026-08-21 19:31:57,"cmd: SitFlush: Begin"
2026-08-21 19:29:27,"cmd: SitFlush: Begin"
2026-08-21 19:26:04,"cmd: SitFlush: Begin"
2026-08-21 19:22:46,"cmd: SitFlush: Begin"
2026-08-21 19:17:09,"cmd: SitFlush: Begin"
2026-08-21 19:12:59,"cmd: SitFlush: Begin"
2026-08-21 19:09:22,"cmd: SitFlush: Begin"
2026-08-21 19:05:08,"cmd: SitFlush: Begin"
2026-08-21 18:46:33,"cmd: SitFlush: Begin"
2026-08-21 18:45:27,"cmd: SitFlush: Begin"
2026-08-21 18:44:29,"cmd: SitFlush: Begin"
2026-08-21 18:34:39,"cmd: SitFlush: Begin"
2026-08-21 18:33:16,"cmd: SitFlush: Begin"
2026-08-21 18:32:02,"cmd: SitFlush: Begin"
2026-08-21 18:30:53,"cmd: SitFlush: Begin"
2026-08-21 18:24:35,"cmd: SitFlush: Begin"
2026-08-21 18:18:46,"cmd: SitFlush: Begin"
2026-08-21 18:16:04,"cmd: SitFlush: Begin"
2026-08-21 18:13:56,"cmd: SitFlush: Begin"
2026-08-21 18:07:00,"cmd: SitFlush: Begin"
2026-08-21 18:06:26,"cmd: SitFlush: Begin"
2026-08-21 18:05:51,"cmd: SitFlush: Begin"
2026-08-21 18:05:08,"cmd: SitFlush: Begin"
2026-08-21 18:04:21,"cmd: SitFlush: Begin"
2026-08-21 18:03:38,"cmd: SitFlush: Begin"
2026-08-21 18:03:02,"cmd: SitFlush: Begin"
2026-08-21 18:02:21,"cmd: SitFlush: Begin"
2026-08-21 18:01:43,"cmd: SitFlush: Begin"
2026-08-21 18:01:07,"cmd: SitFlush: Begin"
2026-08-21 18:00:27,"cmd: SitFlush: Begin"
2026-08-21 17:59:42,"cmd: SitFlush: Begin"
2026-08-21 17:59:01,"cmd: SitFlush: Begin"
2026-08-21 17:58:20,"cmd: SitFlush: Begin"
2026-08-21 17:57:38,"cmd: SitFlush: Begin"
2026-08-21 17:56:59,"cmd: SitFlush: Begin"
2026-08-21 17:56:18,"cmd: SitFlush: Begin"
2026-08-21 17:55:44,"cmd: SitFlush: Begin"
2026-08-21 17:55:08,"cmd: SitFlush: Begin"
2026-08-21 17:54:32,"cmd: SitFlush: Begin"
2026-08-21 17:53:54,"cmd: SitFlush: Begin"
2026-08-21 17:53:12,"cmd: SitFlush: Begin"
2026-08-21 17:02:03,"cmd: SitFlush: Begin"
2026-08-21 16:56:48,"cmd: SitFlush: Begin"
2026-08-21 16:53:26,"cmd: SitFlush: Begin"
2026-08-21 16:50:05,"cmd: SitFlush: Begin"
2026-08-21 16:47:23,"cmd: SitFlush: Begin"
2026-08-21 16:43:35,"cmd: SitFlush: Begin"
2026-08-21 16:41:02,"cmd: SitFlush: Begin"
2026-08-21 16:38:08,"cmd: SitFlush: Begin"
2026-08-21 16:35:54,"cmd: SitFlush: Begin"
2026-08-21 16:30:57,"cmd: SitFlush: Begin"
2026-08-21 16:26:17,"cmd: SitFlush: Begin"
2026-08-21 16:26:09,"cmd: SitFlush: Begin"
2026-08-21 16:23:08,"cmd: SitFlush: Begin"
2026-08-21 16:18:48,"cmd: SitFlush: Begin"
2026-08-21 16:15:28,"cmd: SitFlush: Begin"
2026-08-21 16:12:53,"cmd: SitFlush: Begin"
2026-08-21 16:10:22,"cmd: SitFlush: Begin"
2026-08-21 16:05:11,"cmd: SitFlush: Begin"
2026-08-21 16:00:56,"cmd: SitFlush: Begin"
2026-08-21 15:57:46,"cmd: SitFlush: Begin"
2026-08-21 15:54:34,"cmd: SitFlush: Begin"
2026-08-21 15:50:32,"cmd: SitFlush: Begin"
2026-08-21 15:37:06,"cmd: SitFlush: Begin"
2026-08-21 15:29:24,"cmd: SitFlush: Begin"
2026-08-21 15:22:35,"cmd: SitFlush: Begin"
2026-08-21 15:16:03,"cmd: SitFlush: Begin"
2026-08-21 15:07:25,"cmd: SitFlush: Begin"
2026-08-21 15:00:54,"cmd: SitFlush: Begin"
2026-08-21 14:54:51,"cmd: SitFlush: Begin"
2026-08-21 14:50:02,"cmd: SitFlush: Begin"
2026-08-21 14:44:12,"cmd: SitFlush: Begin"
2026-08-21 14:30:56,"cmd: SitFlush: Begin"
2026-08-21 14:24:02,"cmd: SitFlush: Begin"
2026-08-21 14:17:11,"cmd: SitFlush: Begin"
2026-08-21 13:54:19,"cmd: SitFlush: Begin"
2026-08-21 13:50:32,"cmd: SitFlush: Begin"
2026-08-21 13:45:38,"cmd: SitFlush: Begin"
2026-08-21 13:41:52,"cmd: SitFlush: Begin"
2026-08-21 13:38:08,"cmd: SitFlush: Begin"
2026-08-21 13:34:56,"cmd: SitFlush: Begin"
2026-08-21 13:24:01,"cmd: SitFlush: Begin"
2026-08-21 13:20:55,"cmd: SitFlush: Begin"
2026-08-21 13:18:47,"cmd: SitFlush: Begin"
2026-08-21 13:01:36,"cmd: SitFlush: Begin"
2026-08-21 12:55:19,"cmd: SitFlush: Begin"
2026-08-21 12:47:40,"cmd: SitFlush: Begin"
2026-08-21 12:42:04,"cmd: SitFlush: Begin"
2026-08-21 12:41:32,"cmd: SitFlush: Begin"
2026-08-21 12:35:26,"cmd: SitFlush: Begin"
2026-08-21 12:29:16,"cmd: SitFlush: Begin"
2026-08-21 12:20:44,"cmd: SitFlush: Begin"
2026-08-21 12:19:56,"cmd: SitFlush: Begin"
2026-08-21 12:11:56,"cmd: SitFlush: Begin"
2026-08-21 12:03:25,"cmd: SitFlush: Begin"
2026-08-21 11:56:27,"cmd: SitFlush: Begin"
2026-08-21 11:48:15,"cmd: SitFlush: Begin"
2026-08-21 11:40:07,"cmd: SitFlush: Begin"
2026-08-21 11:33:54,"cmd: SitFlush: Begin"
2026-08-21 11:27:08,"cmd: SitFlush: Begin"
2026-08-21 11:20:36,"cmd: SitFlush: Begin"
2026-08-21 11:14:26,"cmd: SitFlush: Begin"
2026-08-21 11:09:04,"cmd: SitFlush: Begin"
2026-08-21 10:43:45,"cmd: SitFlush: Begin"
2026-08-21 10:42:29,"cmd: SitFlush: Begin"
2026-08-21 10:41:12,"cmd: SitFlush: Begin"
2026-08-21 10:39:56,"cmd: SitFlush: Begin"
2026-08-21 10:38:39,"cmd: SitFlush: Begin"
2026-08-21 10:37:19,"cmd: SitFlush: Begin"
2026-08-21 10:36:03,"cmd: SitFlush: Begin"
2026-08-21 10:34:45,"cmd: SitFlush: Begin"
2026-08-21 10:33:27,"cmd: SitFlush: Begin"
2026-08-21 10:32:09,"cmd: SitFlush: Begin"
2026-08-21 10:30:52,"cmd: SitFlush: Begin"
2026-08-21 10:28:45,"cmd: SitFlush: Begin"
2026-08-21 08:55:44,"cmd: SitFlush: Begin"
2026-08-20 18:46:30,"cmd: SitFlush: Begin"
2026-08-20 18:43:50,"cmd: SitFlush: Begin"
2026-08-20 18:42:59,"cmd: SitFlush: Begin"
2026-08-20 18:42:05,"cmd: SitFlush: Begin"
2026-08-20 18:41:03,"cmd: SitFlush: Begin"
2026-08-20 18:33:00,"cmd: SitFlush: Begin"
2026-08-20 18:32:20,"cmd: SitFlush: Begin"
2026-08-20 18:31:32,"cmd: SitFlush: Begin"
2026-08-20 18:13:31,"cmd: SitFlush: Begin"
2026-08-20 17:53:53,"cmd: SitFlush: Begin"
2026-08-20 17:51:44,"cmd: SitFlush: Begin"
2026-08-20 17:49:52,"cmd: SitFlush: Begin"
2026-08-20 16:22:30,"cmd: SitFlush: Begin"
2026-08-20 16:18:41,"cmd: SitFlush: Begin"
2026-08-20 16:13:59,"cmd: SitFlush: Begin"
2026-08-20 16:08:10,"cmd: SitFlush: Begin"
2026-08-20 15:58:41,"cmd: SitFlush: Begin"
2026-08-20 15:53:09,"cmd: SitFlush: Begin"
2026-08-20 15:51:56,"cmd: SitFlush: Begin"
2026-08-20 15:50:49,"cmd: SitFlush: Begin"
2026-08-20 15:49:40,"cmd: SitFlush: Begin"
2026-08-20 15:48:36,"cmd: SitFlush: Begin"
2026-08-20 15:43:14,"cmd: SitFlush: Begin"
2026-08-20 15:42:07,"cmd: SitFlush: Begin"
2026-08-20 15:40:58,"cmd: SitFlush: Begin"
2026-08-20 15:39:54,"cmd: SitFlush: Begin"
2026-08-20 15:36:36,"cmd: SitFlush: Begin"
2026-08-20 15:34:48,"cmd: SitFlush: Begin"
2026-08-20 15:33:00,"cmd: SitFlush: Begin"
2026-08-20 15:31:18,"cmd: SitFlush: Begin"
2026-08-20 15:29:40,"cmd: SitFlush: Begin"
2026-08-20 15:25:25,"cmd: SitFlush: Begin"
2026-08-20 15:15:30,"cmd: SitFlush: Begin"
2026-08-20 14:44:27,"cmd: SitFlush: Begin"
2026-08-20 14:43:53,"cmd: SitFlush: Begin"
2026-08-20 14:41:18,"cmd: SitFlush: Begin"
2026-08-20 14:39:57,"cmd: SitFlush: Begin"
2026-08-20 14:37:34,"cmd: SitFlush: Begin"
2026-08-20 14:37:03,"cmd: SitFlush: Begin"
2026-08-20 14:36:32,"cmd: SitFlush: Begin"
2026-08-20 14:36:01,"cmd: SitFlush: Begin"
2026-08-20 14:35:11,"cmd: SitFlush: Begin"
2026-08-20 13:08:48,"cmd: SitFlush: Begin"
2026-08-20 13:06:31,"cmd: SitFlush: Begin"
2026-08-20 13:05:19,"cmd: SitFlush: Begin"
2026-08-20 13:04:30,"cmd: SitFlush: Begin"
2026-08-20 13:02:28,"cmd: SitFlush: Begin"
2026-08-20 13:01:27,"cmd: SitFlush: Begin"
2026-08-20 12:59:52,"cmd: SitFlush: Begin"
2026-08-20 12:56:59,"cmd: SitFlush: Begin"
2026-08-20 12:53:54,"cmd: SitFlush: Begin"
2026-08-20 12:51:53,"cmd: SitFlush: Begin"
2026-08-20 12:51:02,"cmd: SitFlush: Begin"
2026-08-20 10:57:40,"cmd: SitFlush: Begin"
2026-08-20 10:55:28,"cmd: SitFlush: Begin"
2026-08-20 10:51:15,"cmd: SitFlush: Begin"
2026-08-20 10:47:37,"cmd: SitFlush: Begin"
2026-08-20 10:43:15,"cmd: SitFlush: Begin"
2026-08-20 10:39:58,"cmd: SitFlush: Begin"
2026-08-20 10:35:50,"cmd: SitFlush: Begin"
2026-08-20 10:33:24,"cmd: SitFlush: Begin"
2026-08-20 10:23:35,"cmd: SitFlush: Begin"
2026-08-20 10:20:09,"cmd: SitFlush: Begin"
2026-08-20 10:16:07,"cmd: SitFlush: Begin"
2026-08-20 10:12:22,"cmd: SitFlush: Begin"
2026-08-20 10:08:50,"cmd: SitFlush: Begin"
2026-08-20 09:58:52,"cmd: SitFlush: Begin"
2026-08-20 09:54:54,"cmd: SitFlush: Begin"
2026-08-20 09:50:34,"cmd: SitFlush: Begin"
2026-08-20 09:45:13,"cmd: SitFlush: Begin"
2026-08-20 09:39:09,"cmd: SitFlush: Begin"
2026-08-20 09:27:59,"cmd: SitFlush: Begin"
2026-08-20 09:27:14,"cmd: SitFlush: Begin"
2026-08-20 09:26:23,"cmd: SitFlush: Begin"
2026-08-20 09:25:33,"cmd: SitFlush: Begin"
2026-08-20 09:24:48,"cmd: SitFlush: Begin"
2026-08-20 09:23:57,"cmd: SitFlush: Begin"
2026-08-20 09:23:28,"cmd: SitFlush: Begin"
2026-08-20 09:22:28,"cmd: SitFlush: Begin"
2026-08-20 09:21:52,"cmd: SitFlush: Begin"
2026-08-20 09:21:05,"cmd: SitFlush: Begin"
2026-08-20 09:19:30,"cmd: SitFlush: Begin"
2026-08-20 09:18:45,"cmd: SitFlush: Begin"
2026-08-20 09:18:11,"cmd: SitFlush: Begin"
2026-08-20 09:17:03,"cmd: SitFlush: Begin"
2026-08-20 08:35:37,"cmd: SitFlush: Begin"
2026-08-20 08:22:34,"cmd: SitFlush: Begin"
2026-08-19 16:30:23,"cmd: SitFlush: Begin"
2026-08-19 16:28:53,"cmd: SitFlush: Begin"
2026-08-19 16:27:25,"cmd: SitFlush: Begin"
2026-08-19 16:25:51,"cmd: SitFlush: Begin"
2026-08-19 16:24:22,"cmd: SitFlush: Begin"
2026-08-19 16:22:53,"cmd: SitFlush: Begin"
2026-08-19 16:21:24,"cmd: SitFlush: Begin"
2026-08-19 16:19:51,"cmd: SitFlush: Begin"
2026-08-19 16:18:22,"cmd: SitFlush: Begin"
2026-08-19 16:16:53,"cmd: SitFlush: Begin"
2026-08-19 16:15:24,"cmd: SitFlush: Begin"
2026-08-19 16:13:50,"cmd: SitFlush: Begin"
2026-08-19 16:12:21,"cmd: SitFlush: Begin"
2026-08-19 16:10:52,"cmd: SitFlush: Begin"
2026-08-19 16:09:24,"cmd: SitFlush: Begin"
2026-08-19 16:05:01,"cmd: SitFlush: Begin"
2026-08-19 16:02:55,"cmd: SitFlush: Begin"
2026-08-19 13:47:43,"cmd: SitFlush: Begin"
2026-08-19 13:46:35,"cmd: SitFlush: Begin"
2026-08-19 13:45:16,"cmd: SitFlush: Begin"
2026-08-19 13:44:21,"cmd: SitFlush: Begin"
2026-08-19 13:43:38,"cmd: SitFlush: Begin"
2026-08-19 13:42:55,"cmd: SitFlush: Begin"
2026-08-19 13:41:36,"cmd: SitFlush: Begin"
2026-08-19 13:40:25,"cmd: SitFlush: Begin"
2026-08-19 13:38:29,"cmd: SitFlush: Begin"
2026-08-19 13:37:19,"cmd: SitFlush: Begin"
2026-08-19 13:34:41,"cmd: SitFlush: Begin"
2026-08-19 13:33:42,"cmd: SitFlush: Begin"
2026-08-19 13:32:48,"cmd: SitFlush: Begin"
2026-08-19 13:31:50,"cmd: SitFlush: Begin"
2026-08-19 13:29:53,"cmd: SitFlush: Begin"
2026-08-19 13:29:01,"cmd: SitFlush: Begin"
2026-08-19 13:27:53,"cmd: SitFlush: Begin"
2026-08-19 13:21:33,"cmd: SitFlush: Begin"
2026-08-19 13:19:34,"cmd: SitFlush: Begin"
2026-08-19 13:17:29,"cmd: SitFlush: Begin"
2026-08-19 13:10:22,"cmd: SitFlush: Begin"
2026-08-19 13:08:35,"cmd: SitFlush: Begin"
2026-08-19 13:06:55,"cmd: SitFlush: Begin"
2026-08-19 13:04:42,"cmd: SitFlush: Begin"
2026-08-19 13:01:11,"cmd: SitFlush: Begin"
2026-08-19 12:59:02,"cmd: SitFlush: Begin"
2026-08-19 12:56:54,"cmd: SitFlush: Begin"
2026-08-19 12:30:47,"cmd: SitFlush: Begin"
2026-08-19 12:30:18,"cmd: SitFlush: Begin"
2026-08-19 12:29:47,"cmd: SitFlush: Begin"
2026-08-19 12:29:19,"cmd: SitFlush: Begin"
2026-08-19 12:28:50,"cmd: SitFlush: Begin"
2026-08-19 12:28:20,"cmd: SitFlush: Begin"
2026-08-19 12:27:51,"cmd: SitFlush: Begin"
2026-08-19 12:27:18,"cmd: SitFlush: Begin"
2026-08-19 12:26:47,"cmd: SitFlush: Begin"
2026-08-19 12:26:19,"cmd: SitFlush: Begin"
2026-08-19 12:25:50,"cmd: SitFlush: Begin"
2026-08-19 12:25:20,"cmd: SitFlush: Begin"
2026-08-19 12:24:51,"cmd: SitFlush: Begin"
2026-08-19 12:24:21,"cmd: SitFlush: Begin"
2026-08-19 12:22:12,"cmd: SitFlush: Begin"
2026-08-19 12:09:03,"cmd: SitFlush: Begin"
2026-08-19 12:07:27,"cmd: SitFlush: Begin"
2026-08-19 12:06:29,"cmd: SitFlush: Begin"
2026-08-19 11:27:33,"cmd: SitFlush: Begin"
2026-08-19 11:25:08,"cmd: SitFlush: Begin"
2026-08-19 11:22:36,"cmd: SitFlush: Begin"
2026-08-19 11:20:56,"cmd: SitFlush: Begin"
2026-08-19 11:18:50,"cmd: SitFlush: Begin"
2026-08-19 11:16:40,"cmd: SitFlush: Begin"
2026-08-19 11:14:26,"cmd: SitFlush: Begin"
2026-08-19 11:10:16,"cmd: SitFlush: Begin"
2026-08-19 11:05:39,"cmd: SitFlush: Begin"
2026-08-19 11:03:19,"cmd: SitFlush: Begin"
2026-08-19 10:58:34,"cmd: SitFlush: Begin"
2026-08-19 10:54:49,"cmd: SitFlush: Begin"
2026-08-19 10:50:37,"cmd: SitFlush: Begin"
2026-08-19 10:45:34,"cmd: SitFlush: Begin"
2026-08-19 10:42:03,"cmd: SitFlush: Begin"
2026-08-19 08:53:03,"cmd: SitFlush: Begin"
2026-08-19 08:47:38,"cmd: SitFlush: Begin"
2026-08-18 16:50:05,"cmd: SitFlush: Begin"
2026-08-18 16:44:40,"cmd: SitFlush: Begin"
2026-08-18 16:43:31,"cmd: SitFlush: Begin"
2026-08-18 16:42:13,"cmd: SitFlush: Begin"
2026-08-18 16:40:33,"cmd: SitFlush: Begin"
2026-08-18 16:38:59,"cmd: SitFlush: Begin"
2026-08-18 16:38:11,"cmd: SitFlush: Begin"
2026-08-18 16:35:54,"cmd: SitFlush: Begin"
2026-08-18 15:14:10,"cmd: SitFlush: Begin"
2026-08-18 15:12:38,"cmd: SitFlush: Begin"
2026-08-18 15:11:07,"cmd: SitFlush: Begin"
2026-08-18 15:09:35,"cmd: SitFlush: Begin"
2026-08-18 15:08:04,"cmd: SitFlush: Begin"
2026-08-18 15:06:32,"cmd: SitFlush: Begin"
2026-08-18 15:03:27,"cmd: SitFlush: Begin"
2026-08-18 14:58:40,"cmd: SitFlush: Begin"
2026-08-18 14:57:45,"cmd: SitFlush: Begin"
2026-08-18 14:56:52,"cmd: SitFlush: Begin"
2026-08-18 14:55:57,"cmd: SitFlush: Begin"
2026-08-18 14:54:59,"cmd: SitFlush: Begin"
2026-08-18 14:54:04,"cmd: SitFlush: Begin"
2026-08-18 14:53:11,"cmd: SitFlush: Begin"
2026-08-18 14:52:19,"cmd: SitFlush: Begin"
2026-08-18 14:40:15,"cmd: SitFlush: Begin"
2026-08-18 14:39:38,"cmd: SitFlush: Begin"
2026-08-18 14:38:58,"cmd: SitFlush: Begin"
2026-08-18 14:38:14,"cmd: SitFlush: Begin"
2026-08-18 14:37:31,"cmd: SitFlush: Begin"
2026-08-18 14:36:53,"cmd: SitFlush: Begin"
2026-08-18 14:36:11,"cmd: SitFlush: Begin"
2026-08-18 14:35:33,"cmd: SitFlush: Begin"
2026-08-18 14:34:12,"cmd: SitFlush: Begin"
2026-08-18 14:33:39,"cmd: SitFlush: Begin"
2026-08-18 14:32:15,"cmd: SitFlush: Begin"
2026-08-18 14:30:18,"cmd: SitFlush: Begin"
2026-08-18 14:29:53,"cmd: SitFlush: Begin"
2026-08-18 14:29:29,"cmd: SitFlush: Begin"
2026-08-18 14:29:04,"cmd: SitFlush: Begin"
2026-08-18 14:28:40,"cmd: SitFlush: Begin"
2026-08-18 14:28:15,"cmd: SitFlush: Begin"
2026-08-18 14:27:51,"cmd: SitFlush: Begin"
2026-08-18 14:27:24,"cmd: SitFlush: Begin"
2026-08-18 14:26:56,"cmd: SitFlush: Begin"
2026-08-18 14:26:30,"cmd: SitFlush: Begin"
2026-08-18 14:26:05,"cmd: SitFlush: Begin"
2026-08-18 14:25:40,"cmd: SitFlush: Begin"
2026-08-18 14:25:15,"cmd: SitFlush: Begin"
2026-08-18 14:24:50,"cmd: SitFlush: Begin"
2026-08-18 14:24:25,"cmd: SitFlush: Begin"
2026-08-18 14:23:51,"cmd: SitFlush: Begin"
2026-08-18 09:31:51,"cmd: SitFlush: Begin"
2026-08-18 09:29:53,"cmd: SitFlush: Begin"
2026-08-18 09:27:01,"cmd: SitFlush: Begin"
2026-08-18 09:18:33,"cmd: SitFlush: Begin"
2026-08-17 15:29:29,"cmd: SitFlush: Begin"
2026-08-17 13:40:50,"cmd: SitFlush: Begin"
2026-08-17 13:36:44,"cmd: SitFlush: Begin"
2026-08-17 13:30:12,"cmd: SitFlush: Begin"
2026-08-17 13:27:14,"cmd: SitFlush: Begin"
2026-08-17 13:24:32,"cmd: SitFlush: Begin"
2026-08-17 13:21:36,"cmd: SitFlush: Begin"
2026-08-17 13:18:25,"cmd: SitFlush: Begin"
2026-08-17 13:13:29,"cmd: SitFlush: Begin"
2026-08-17 13:12:00,"cmd: SitFlush: Begin"
2026-08-17 13:11:09,"cmd: SitFlush: Begin"
2026-08-17 13:08:25,"cmd: SitFlush: Begin"
2026-08-17 13:02:47,"cmd: SitFlush: Begin"
2026-08-17 11:52:51,"cmd: SitFlush: Begin"
2026-08-17 11:52:04,"cmd: SitFlush: Begin"
2026-08-17 11:49:52,"cmd: SitFlush: Begin"
2026-08-17 11:46:37,"cmd: SitFlush: Begin"
2026-08-17 11:45:45,"cmd: SitFlush: Begin"
2026-08-17 11:44:40,"cmd: SitFlush: Begin"
2026-08-17 09:01:41,"cmd: SitFlush: Begin"
2026-08-17 08:54:22,"cmd: SitFlush: Begin"
2026-08-14 16:04:16,"cmd: SitFlush: Begin"
2026-08-14 16:01:48,"cmd: SitFlush: Begin"
2026-08-14 15:56:31,"cmd: SitFlush: Begin"
2026-08-14 15:51:44,"cmd: SitFlush: Begin"
2026-08-14 15:46:37,"cmd: SitFlush: Begin"
2026-08-14 15:41:52,"cmd: SitFlush: Begin"
2026-08-14 15:28:27,"cmd: SitFlush: Begin"
2026-08-14 15:26:00,"cmd: SitFlush: Begin"
2026-08-14 15:18:58,"cmd: SitFlush: Begin"
2026-08-14 15:18:03,"cmd: SitFlush: Begin"
2026-08-14 11:44:28,"cmd: SitFlush: Begin"
2026-08-14 11:42:34,"cmd: SitFlush: Begin"
2026-08-14 11:40:44,"cmd: SitFlush: Begin"
2026-08-14 11:39:04,"cmd: SitFlush: Begin"
2026-08-14 11:37:16,"cmd: SitFlush: Begin"
2026-08-14 11:36:48,"cmd: SitFlush: Begin"
2026-08-14 11:34:59,"cmd: SitFlush: Begin"
2026-08-14 11:33:29,"cmd: SitFlush: Begin"
2026-08-14 11:31:40,"cmd: SitFlush: Begin"
2026-08-14 11:29:46,"cmd: SitFlush: Begin"
2026-08-14 11:27:57,"cmd: SitFlush: Begin"
2026-08-14 11:26:05,"cmd: SitFlush: Begin"
2026-08-14 11:24:22,"cmd: SitFlush: Begin"
2026-08-14 10:59:03,"cmd: SitFlush: Begin"
2026-08-14 10:58:22,"cmd: SitFlush: Begin"
2026-08-14 10:57:47,"cmd: SitFlush: Begin"
2026-08-14 10:57:11,"cmd: SitFlush: Begin"
2026-08-14 10:56:34,"cmd: SitFlush: Begin"
2026-08-14 10:55:58,"cmd: SitFlush: Begin"
2026-08-14 10:55:19,"cmd: SitFlush: Begin"
2026-08-14 10:54:41,"cmd: SitFlush: Begin"
2026-08-14 10:54:04,"cmd: SitFlush: Begin"
2026-08-14 10:53:29,"cmd: SitFlush: Begin"
2026-08-14 10:52:50,"cmd: SitFlush: Begin"
2026-08-14 10:52:12,"cmd: SitFlush: Begin"
2026-08-14 10:51:30,"cmd: SitFlush: Begin"
2026-08-14 10:50:52,"cmd: SitFlush: Begin"
2026-08-14 10:50:15,"cmd: SitFlush: Begin"
2026-08-14 10:49:38,"cmd: SitFlush: Begin"
2026-08-14 10:49:03,"cmd: SitFlush: Begin"
2026-08-14 10:48:27,"cmd: SitFlush: Begin"
2026-08-14 10:47:51,"cmd: SitFlush: Begin"
2026-08-14 10:47:14,"cmd: SitFlush: Begin"
2026-08-14 10:46:38,"cmd: SitFlush: Begin"
2026-08-14 10:45:58,"cmd: SitFlush: Begin"
2026-08-14 10:45:18,"cmd: SitFlush: Begin"
2026-08-14 10:44:37,"cmd: SitFlush: Begin"
2026-08-14 10:43:58,"cmd: SitFlush: Begin"
2026-08-14 10:43:19,"cmd: SitFlush: Begin"
2026-08-14 10:42:40,"cmd: SitFlush: Begin"
2026-08-14 10:42:00,"cmd: SitFlush: Begin"
2026-08-14 10:41:22,"cmd: SitFlush: Begin"
2026-08-14 10:40:41,"cmd: SitFlush: Begin"
2026-08-14 10:39:10,"cmd: SitFlush: Begin"
2026-08-14 10:37:51,"cmd: SitFlush: Begin"
2026-08-14 10:36:21,"cmd: SitFlush: Begin"
2026-08-14 09:29:09,"cmd: SitFlush: Begin"
2026-08-14 09:27:56,"cmd: SitFlush: Begin"
2026-08-14 09:26:44,"cmd: SitFlush: Begin"
2026-08-14 09:25:31,"cmd: SitFlush: Begin"
2026-08-14 09:24:14,"cmd: SitFlush: Begin"
2026-08-14 09:23:01,"cmd: SitFlush: Begin"
2026-08-14 09:21:49,"cmd: SitFlush: Begin"
2026-08-14 09:20:35,"cmd: SitFlush: Begin"
2026-08-14 09:19:17,"cmd: SitFlush: Begin"
2026-08-14 09:18:04,"cmd: SitFlush: Begin"
2026-08-14 09:16:50,"cmd: SitFlush: Begin"
2026-08-14 09:15:37,"cmd: SitFlush: Begin"
2026-08-14 09:13:18,"cmd: SitFlush: Begin"
2026-08-14 09:12:03,"cmd: SitFlush: Begin"
2026-08-14 09:11:14,"cmd: SitFlush: Begin"
2026-08-14 08:56:11,"cmd: SitFlush: Begin"
2026-08-13 17:33:19,"cmd: SitFlush: Begin"
2026-08-13 17:31:55,"cmd: SitFlush: Begin"
2026-08-13 17:30:31,"cmd: SitFlush: Begin"
2026-08-13 17:29:06,"cmd: SitFlush: Begin"
2026-08-13 17:27:47,"cmd: SitFlush: Begin"
2026-08-13 17:26:25,"cmd: SitFlush: Begin"
2026-08-13 17:25:05,"cmd: SitFlush: Begin"
2026-08-13 17:23:41,"cmd: SitFlush: Begin"
2026-08-13 17:22:13,"cmd: SitFlush: Begin"
2026-08-13 17:21:14,"cmd: SitFlush: Begin"
2026-08-13 17:20:15,"cmd: SitFlush: Begin"
2026-08-13 17:19:18,"cmd: SitFlush: Begin"
2026-08-13 17:18:22,"cmd: SitFlush: Begin"
2026-08-13 17:17:29,"cmd: SitFlush: Begin"
2026-08-13 17:16:31,"cmd: SitFlush: Begin"
2026-08-13 17:15:40,"cmd: SitFlush: Begin"
2026-08-13 17:14:50,"cmd: SitFlush: Begin"
2026-08-13 17:14:02,"cmd: SitFlush: Begin"
2026-08-13 17:13:12,"cmd: SitFlush: Begin"
2026-08-13 17:12:22,"cmd: SitFlush: Begin"
2026-08-13 17:06:43,"cmd: SitFlush: Begin"
2026-08-13 17:05:48,"cmd: SitFlush: Begin"
2026-08-13 17:01:57,"cmd: SitFlush: Begin"
2026-08-13 17:01:06,"cmd: SitFlush: Begin"
2026-08-13 16:57:13,"cmd: SitFlush: Begin"
2026-08-13 16:56:01,"cmd: SitFlush: Begin"
2026-08-13 16:55:00,"cmd: SitFlush: Begin"
2026-08-13 16:53:52,"cmd: SitFlush: Begin"
2026-08-13 16:52:50,"cmd: SitFlush: Begin"
2026-08-13 16:42:43,"cmd: SitFlush: Begin"
2026-08-13 16:24:14,"cmd: SitFlush: Begin"
2026-08-13 16:23:00,"cmd: SitFlush: Begin"
2026-08-13 16:21:47,"cmd: SitFlush: Begin"
2026-08-13 16:20:32,"cmd: SitFlush: Begin"
2026-08-13 16:19:14,"cmd: SitFlush: Begin"
2026-08-13 16:17:58,"cmd: SitFlush: Begin"
2026-08-13 16:16:43,"cmd: SitFlush: Begin"
2026-08-13 16:15:28,"cmd: SitFlush: Begin"
2026-08-13 16:14:09,"cmd: SitFlush: Begin"
2026-08-13 16:12:56,"cmd: SitFlush: Begin"
2026-08-13 16:11:43,"cmd: SitFlush: Begin"
2026-08-13 16:10:30,"cmd: SitFlush: Begin"
2026-08-13 16:09:12,"cmd: SitFlush: Begin"
2026-08-13 16:07:57,"cmd: SitFlush: Begin"
2026-08-13 16:06:42,"cmd: SitFlush: Begin"
2026-08-13 16:05:25,"cmd: SitFlush: Begin"
2026-08-13 16:04:05,"cmd: SitFlush: Begin"
2026-08-13 16:02:51,"cmd: SitFlush: Begin"
2026-08-13 16:01:34,"cmd: SitFlush: Begin"
2026-08-13 16:00:18,"cmd: SitFlush: Begin"
2026-08-13 15:58:59,"cmd: SitFlush: Begin"
2026-08-13 15:57:45,"cmd: SitFlush: Begin"
2026-08-13 15:56:31,"cmd: SitFlush: Begin"
2026-08-13 15:51:52,"cmd: SitFlush: Begin"
2026-08-13 15:46:40,"cmd: SitFlush: Begin"
2026-08-13 15:45:42,"cmd: SitFlush: Begin"
2026-08-13 15:44:44,"cmd: SitFlush: Begin"
2026-08-13 15:43:49,"cmd: SitFlush: Begin"
2026-08-13 15:42:47,"cmd: SitFlush: Begin"
2026-08-13 15:41:48,"cmd: SitFlush: Begin"
2026-08-13 15:40:29,"cmd: SitFlush: Begin"
2026-08-13 15:39:07,"cmd: SitFlush: Begin"
2026-08-13 15:38:12,"cmd: SitFlush: Begin"
2026-08-13 13:37:39,"cmd: SitFlush: Begin"
2026-08-13 13:24:05,"cmd: SitFlush: Begin"
2026-08-13 13:10:25,"cmd: SitFlush: Begin"
2026-08-13 12:56:41,"cmd: SitFlush: Begin"
2026-08-13 12:43:03,"cmd: SitFlush: Begin"
2026-08-13 12:29:28,"cmd: SitFlush: Begin"
2026-08-13 12:15:58,"cmd: SitFlush: Begin"
2026-08-13 12:02:27,"cmd: SitFlush: Begin"
2026-08-13 11:48:49,"cmd: SitFlush: Begin"
2026-08-13 11:35:18,"cmd: SitFlush: Begin"
2026-08-13 11:20:54,"cmd: SitFlush: Begin"
2026-08-13 11:16:15,"cmd: SitFlush: Begin"
2026-08-13 11:15:49,"cmd: SitFlush: Begin"
2026-08-13 11:14:11,"cmd: SitFlush: Begin"
2026-08-13 11:12:58,"cmd: SitFlush: Begin"
2026-08-13 11:09:31,"cmd: SitFlush: Begin"
2026-08-13 10:30:28,"cmd: SitFlush: Begin"
2026-08-13 09:49:59,"cmd: SitFlush: Begin"
2026-08-13 09:47:39,"cmd: SitFlush: Begin"
2026-08-13 09:46:55,"cmd: SitFlush: Begin"
2026-08-13 09:44:04,"cmd: SitFlush: Begin"
2026-08-13 09:42:49,"cmd: SitFlush: Begin"
2026-08-13 09:22:00,"cmd: SitFlush: Begin"
2026-08-13 08:55:21,"cmd: SitFlush: Begin"
2026-08-12 19:02:14,"cmd: SitFlush: Begin"
2026-08-12 18:58:39,"cmd: SitFlush: Begin"
2026-08-12 18:55:29,"cmd: SitFlush: Begin"
2026-08-12 18:54:06,"cmd: SitFlush: Begin"
2026-08-12 18:52:15,"cmd: SitFlush: Begin"
2026-08-12 18:50:53,"cmd: SitFlush: Begin"
2026-08-12 18:49:46,"cmd: SitFlush: Begin"
2026-08-12 18:49:05,"cmd: SitFlush: Begin"
2026-08-12 18:47:01,"cmd: SitFlush: Begin"
2026-08-12 18:43:07,"cmd: SitFlush: Begin"
2026-08-12 18:40:11,"cmd: SitFlush: Begin"
2026-08-12 18:37:00,"cmd: SitFlush: Begin"
2026-08-12 18:33:18,"cmd: SitFlush: Begin"
2026-08-12 18:30:01,"cmd: SitFlush: Begin"
2026-08-12 18:26:21,"cmd: SitFlush: Begin"
2026-08-12 17:26:30,"cmd: SitFlush: Begin"
2026-08-12 17:24:21,"cmd: SitFlush: Begin"
2026-08-12 17:21:36,"cmd: SitFlush: Begin"
2026-08-12 17:18:37,"cmd: SitFlush: Begin"
2026-08-12 17:15:52,"cmd: SitFlush: Begin"
2026-08-12 17:15:42,"cmd: SitFlush: Begin"
2026-08-12 17:12:20,"cmd: SitFlush: Begin"
2026-08-12 17:08:29,"cmd: SitFlush: Begin"
2026-08-12 17:05:41,"cmd: SitFlush: Begin"
2026-08-12 17:05:31,"cmd: SitFlush: Begin"
2026-08-12 17:05:17,"cmd: SitFlush: Begin"
2026-08-12 17:02:43,"cmd: SitFlush: Begin"
2026-08-12 16:59:13,"cmd: SitFlush: Begin"
2026-08-12 16:59:03,"cmd: SitFlush: Begin"
2026-08-12 16:58:52,"cmd: SitFlush: Begin"
2026-08-12 16:55:26,"cmd: SitFlush: Begin"
2026-08-12 16:55:15,"cmd: SitFlush: Begin"
2026-08-12 16:51:56,"cmd: SitFlush: Begin"
2026-08-12 16:51:47,"cmd: SitFlush: Begin"
2026-08-12 16:42:40,"cmd: SitFlush: Begin"
2026-08-12 16:33:02,"cmd: SitFlush: Begin"
2026-08-12 16:31:58,"cmd: SitFlush: Begin"
2026-08-12 16:31:19,"cmd: SitFlush: Begin"
2026-08-12 16:30:40,"cmd: SitFlush: Begin"
2026-08-12 16:30:03,"cmd: SitFlush: Begin"
2026-08-12 16:29:17,"cmd: SitFlush: Begin"
2026-08-12 16:28:29,"cmd: SitFlush: Begin"
2026-08-12 16:27:52,"cmd: SitFlush: Begin"
2026-08-12 16:27:14,"cmd: SitFlush: Begin"
2026-08-12 16:26:33,"cmd: SitFlush: Begin"
2026-08-12 16:25:52,"cmd: SitFlush: Begin"
2026-08-12 16:25:09,"cmd: SitFlush: Begin"
2026-08-12 16:24:30,"cmd: SitFlush: Begin"
2026-08-12 16:23:53,"cmd: SitFlush: Begin"
2026-08-12 16:23:11,"cmd: SitFlush: Begin"
2026-08-12 16:21:16,"cmd: SitFlush: Begin"
2026-08-12 16:19:52,"cmd: SitFlush: Begin"
2026-08-12 13:14:40,"cmd: SitFlush: Begin"
2026-08-12 13:14:15,"cmd: SitFlush: Begin"
2026-08-12 13:13:49,"cmd: SitFlush: Begin"
2026-08-12 13:13:24,"cmd: SitFlush: Begin"
2026-08-12 13:12:21,"cmd: SitFlush: Begin"
2026-08-12 13:11:58,"cmd: SitFlush: Begin"
2026-08-12 13:11:28,"cmd: SitFlush: Begin"
2026-08-12 12:02:31,"cmd: SitFlush: Begin"
2026-08-12 12:01:40,"cmd: SitFlush: Begin"
2026-08-12 12:01:21,"cmd: SitFlush: Begin"
2026-08-12 12:01:04,"cmd: SitFlush: Begin"
2026-08-12 11:58:22,"cmd: SitFlush: Begin"
2026-08-12 11:57:37,"cmd: SitFlush: Begin"
2026-08-12 11:57:24,"cmd: SitFlush: Begin"
2026-08-12 11:06:00,"cmd: SitFlush: Begin"
2026-08-12 10:21:06,"cmd: SitFlush: Begin"
2026-08-12 10:13:31,"cmd: SitFlush: Begin"
2026-08-12 10:11:36,"cmd: SitFlush: Begin"
2026-08-12 10:10:21,"cmd: SitFlush: Begin"
2026-08-12 10:08:22,"cmd: SitFlush: Begin"
2026-08-12 10:06:04,"cmd: SitFlush: Begin"
2026-08-12 10:03:43,"cmd: SitFlush: Begin"
2026-08-12 10:01:59,"cmd: SitFlush: Begin"
2026-08-12 09:59:39,"cmd: SitFlush: Begin"
2026-08-12 09:58:01,"cmd: SitFlush: Begin"
2026-08-12 09:56:20,"cmd: SitFlush: Begin"
2026-08-12 09:54:39,"cmd: SitFlush: Begin"
2026-08-12 09:53:04,"cmd: SitFlush: Begin"
2026-08-12 09:50:24,"cmd: SitFlush: Begin"
2026-08-12 09:47:47,"cmd: SitFlush: Begin"
2026-08-12 09:45:47,"cmd: SitFlush: Begin"
2026-08-12 09:43:49,"cmd: SitFlush: Begin"
2026-08-12 09:41:47,"cmd: SitFlush: Begin"
2026-08-12 09:39:51,"cmd: SitFlush: Begin"
2026-08-12 09:37:34,"cmd: SitFlush: Begin"
2026-08-12 09:36:11,"cmd: SitFlush: Begin"
2026-08-12 09:34:06,"cmd: SitFlush: Begin"
2026-08-12 09:32:15,"cmd: SitFlush: Begin"
2026-08-12 09:30:28,"cmd: SitFlush: Begin"
2026-08-12 09:28:18,"cmd: SitFlush: Begin"
2026-08-12 09:25:41,"cmd: SitFlush: Begin"
2026-08-12 09:14:49,"cmd: SitFlush: Begin"
2026-08-12 09:11:30,"cmd: SitFlush: Begin"
2026-08-12 09:10:32,"cmd: SitFlush: Begin"
2026-08-12 09:09:41,"cmd: SitFlush: Begin"
2026-08-12 08:22:25,"cmd: SitFlush: Begin"
2026-08-12 08:17:33,"cmd: SitFlush: Begin"
2026-08-11 22:45:44,"cmd: SitFlush: Begin"
2026-08-11 22:36:36,"cmd: SitFlush: Begin"
2026-08-11 22:34:45,"cmd: SitFlush: Begin"
2026-08-11 22:33:02,"cmd: SitFlush: Begin"
2026-08-11 22:31:08,"cmd: SitFlush: Begin"
2026-08-11 22:29:03,"cmd: SitFlush: Begin"
2026-08-11 22:27:09,"cmd: SitFlush: Begin"
2026-08-11 22:25:06,"cmd: SitFlush: Begin"
2026-08-11 22:21:59,"cmd: SitFlush: Begin"
2026-08-11 22:19:08,"cmd: SitFlush: Begin"
2026-08-11 22:16:30,"cmd: SitFlush: Begin"
2026-08-11 22:13:25,"cmd: SitFlush: Begin"
2026-08-11 22:10:02,"cmd: SitFlush: Begin"
2026-08-11 21:58:40,"cmd: SitFlush: Begin"
2026-08-11 21:55:33,"cmd: SitFlush: Begin"
2026-08-11 21:52:14,"cmd: SitFlush: Begin"
2026-08-11 21:49:00,"cmd: SitFlush: Begin"
2026-08-11 21:45:58,"cmd: SitFlush: Begin"
2026-08-11 21:42:28,"cmd: SitFlush: Begin"
2026-08-11 21:33:45,"cmd: SitFlush: Begin"
2026-08-11 21:30:51,"cmd: SitFlush: Begin"
2026-08-11 21:28:44,"cmd: SitFlush: Begin"
2026-08-11 21:26:50,"cmd: SitFlush: Begin"
2026-08-11 21:24:53,"cmd: SitFlush: Begin"
2026-08-11 21:23:05,"cmd: SitFlush: Begin"
2026-08-11 21:20:10,"cmd: SitFlush: Begin"
2026-08-11 21:17:56,"cmd: SitFlush: Begin"
2026-08-11 21:15:44,"cmd: SitFlush: Begin"
2026-08-11 21:13:18,"cmd: SitFlush: Begin"
2026-08-11 21:11:18,"cmd: SitFlush: Begin"
2026-08-11 21:09:22,"cmd: SitFlush: Begin"
2026-08-11 21:07:16,"cmd: SitFlush: Begin"
2026-08-11 21:05:15,"cmd: SitFlush: Begin"
2026-08-11 21:03:12,"cmd: SitFlush: Begin"
2026-08-11 21:01:08,"cmd: SitFlush: Begin"
2026-08-11 20:58:06,"cmd: SitFlush: Begin"
2026-08-11 20:54:45,"cmd: SitFlush: Begin"
2026-08-11 20:51:23,"cmd: SitFlush: Begin"
2026-08-11 20:48:35,"cmd: SitFlush: Begin"
2026-08-11 20:45:09,"cmd: SitFlush: Begin"
2026-08-11 20:41:44,"cmd: SitFlush: Begin"
2026-08-11 20:39:11,"cmd: SitFlush: Begin"
2026-08-11 20:35:40,"cmd: SitFlush: Begin"
2026-08-11 20:32:27,"cmd: SitFlush: Begin"
2026-08-11 20:29:20,"cmd: SitFlush: Begin"
2026-08-11 20:17:35,"cmd: SitFlush: Begin"
2026-08-11 20:14:25,"cmd: SitFlush: Begin"
2026-08-11 20:11:20,"cmd: SitFlush: Begin"
2026-08-11 20:08:25,"cmd: SitFlush: Begin"
2026-08-11 20:05:11,"cmd: SitFlush: Begin"
2026-08-11 19:54:26,"cmd: SitFlush: Begin"
2026-08-11 19:51:18,"cmd: SitFlush: Begin"
2026-08-11 19:44:10,"cmd: SitFlush: Begin"
2026-08-11 19:37:18,"cmd: SitFlush: Begin"
2026-08-11 19:32:36,"cmd: SitFlush: Begin"
2026-08-11 19:30:02,"cmd: SitFlush: Begin"
2026-08-11 19:29:13,"cmd: SitFlush: Begin"
2026-08-11 19:25:40,"cmd: SitFlush: Begin"
2026-08-11 19:19:35,"cmd: SitFlush: Begin"
2026-08-11 19:16:53,"cmd: SitFlush: Begin"
2026-08-11 19:07:27,"cmd: SitFlush: Begin"
2026-08-11 19:04:23,"cmd: SitFlush: Begin"
2026-08-11 18:56:54,"cmd: SitFlush: Begin"
2026-08-11 18:46:59,"cmd: SitFlush: Begin"
2026-08-11 18:35:39,"cmd: SitFlush: Begin"
2026-08-11 18:30:36,"cmd: SitFlush: Begin"
2026-08-11 18:19:38,"cmd: SitFlush: Begin"
2026-08-11 18:07:59,"cmd: SitFlush: Begin"
2026-08-11 17:58:25,"cmd: SitFlush: Begin"
2026-08-11 17:44:23,"cmd: SitFlush: Begin"
2026-08-11 17:43:16,"cmd: SitFlush: Begin"
2026-08-11 17:42:00,"cmd: SitFlush: Begin"
2026-08-11 17:39:53,"cmd: SitFlush: Begin"
2026-08-11 17:32:56,"cmd: SitFlush: Begin"
2026-08-11 17:27:51,"cmd: SitFlush: Begin"
2026-08-11 17:27:03,"cmd: SitFlush: Begin"
2026-08-11 17:26:29,"cmd: SitFlush: Begin"
2026-08-11 17:25:48,"cmd: SitFlush: Begin"
2026-08-11 17:24:47,"cmd: SitFlush: Begin"
2026-08-11 17:23:29,"cmd: SitFlush: Begin"
2026-08-11 17:22:37,"cmd: SitFlush: Begin"
2026-08-11 17:22:00,"cmd: SitFlush: Begin"
2026-08-11 17:21:13,"cmd: SitFlush: Begin"
2026-08-11 17:20:02,"cmd: SitFlush: Begin"
2026-08-11 17:18:54,"cmd: SitFlush: Begin"
2026-08-11 17:18:07,"cmd: SitFlush: Begin"
2026-08-11 17:17:19,"cmd: SitFlush: Begin"
2026-08-11 17:16:20,"cmd: SitFlush: Begin"
2026-08-11 17:14:53,"cmd: SitFlush: Begin"
2026-08-11 17:14:02,"cmd: SitFlush: Begin"
2026-08-11 17:13:08,"cmd: SitFlush: Begin"
2026-08-11 17:12:18,"cmd: SitFlush: Begin"
2026-08-11 17:10:34,"cmd: SitFlush: Begin"
2026-08-11 17:08:31,"cmd: SitFlush: Begin"
2026-08-11 17:07:45,"cmd: SitFlush: Begin"
2026-08-11 17:06:00,"cmd: SitFlush: Begin"
2026-08-11 17:00:22,"cmd: SitFlush: Begin"
2026-08-11 16:59:20,"cmd: SitFlush: Begin"
2026-08-11 16:58:24,"cmd: SitFlush: Begin"
2026-08-11 14:56:22,"cmd: SitFlush: Begin"
2026-08-11 14:55:21,"cmd: SitFlush: Begin"
2026-08-11 14:54:16,"cmd: SitFlush: Begin"
2026-08-11 14:53:15,"cmd: SitFlush: Begin"
2026-08-11 14:52:14,"cmd: SitFlush: Begin"
2026-08-11 14:50:52,"cmd: SitFlush: Begin"
2026-08-11 14:49:48,"cmd: SitFlush: Begin"
2026-08-11 14:45:24,"cmd: SitFlush: Begin"
2026-08-11 14:36:50,"cmd: SitFlush: Begin"
2026-08-11 14:33:07,"cmd: SitFlush: Begin"
2026-08-11 14:32:29,"cmd: SitFlush: Begin"
2026-08-11 14:31:56,"cmd: SitFlush: Begin"
2026-08-11 14:31:22,"cmd: SitFlush: Begin"
2026-08-11 14:30:48,"cmd: SitFlush: Begin"
2026-08-11 14:30:09,"cmd: SitFlush: Begin"
2026-08-11 14:29:34,"cmd: SitFlush: Begin"
2026-08-11 14:28:53,"cmd: SitFlush: Begin"
2026-08-11 14:28:18,"cmd: SitFlush: Begin"
2026-08-11 14:27:42,"cmd: SitFlush: Begin"
2026-08-11 14:27:06,"cmd: SitFlush: Begin"
2026-08-11 14:26:30,"cmd: SitFlush: Begin"
2026-08-11 14:25:57,"cmd: SitFlush: Begin"
2026-08-11 14:25:19,"cmd: SitFlush: Begin"
2026-08-11 12:14:10,"cmd: SitFlush: Begin"
2026-08-11 12:12:07,"cmd: SitFlush: Begin"
2026-08-11 12:10:01,"cmd: SitFlush: Begin"
2026-08-11 12:07:58,"cmd: SitFlush: Begin"
2026-08-11 12:05:51,"cmd: SitFlush: Begin"
2026-08-11 12:03:49,"cmd: SitFlush: Begin"
2026-08-11 12:02:12,"cmd: SitFlush: Begin"
2026-08-11 12:00:09,"cmd: SitFlush: Begin"
2026-08-11 11:58:02,"cmd: SitFlush: Begin"
2026-08-11 11:55:48,"cmd: SitFlush: Begin"
2026-08-11 11:53:41,"cmd: SitFlush: Begin"
2026-08-11 11:51:39,"cmd: SitFlush: Begin"
2026-08-11 11:49:31,"cmd: SitFlush: Begin"
2026-08-11 11:47:31,"cmd: SitFlush: Begin"
2026-08-11 11:44:31,"cmd: SitFlush: Begin"
2026-08-11 11:42:21,"cmd: SitFlush: Begin"
2026-08-11 11:40:05,"cmd: SitFlush: Begin"
2026-08-11 11:37:56,"cmd: SitFlush: Begin"
2026-08-11 11:35:38,"cmd: SitFlush: Begin"
2026-08-11 11:33:25,"cmd: SitFlush: Begin"
2026-08-11 11:31:16,"cmd: SitFlush: Begin"
2026-08-11 11:29:35,"cmd: SitFlush: Begin"
2026-08-11 11:27:18,"cmd: SitFlush: Begin"
2026-08-11 11:25:05,"cmd: SitFlush: Begin"
2026-08-11 11:22:21,"cmd: SitFlush: Begin"
2026-08-11 11:20:16,"cmd: SitFlush: Begin"
2026-08-11 11:17:55,"cmd: SitFlush: Begin"
2026-08-11 11:15:32,"cmd: SitFlush: Begin"
2026-08-11 11:13:04,"cmd: SitFlush: Begin"
2026-08-11 11:10:41,"cmd: SitFlush: Begin"
2026-08-11 11:08:15,"cmd: SitFlush: Begin"
2026-08-11 11:06:10,"cmd: SitFlush: Begin"
2026-08-11 11:03:42,"cmd: SitFlush: Begin"
2026-08-11 11:01:19,"cmd: SitFlush: Begin"
2026-08-11 10:56:33,"cmd: SitFlush: Begin"
2026-08-11 10:53:59,"cmd: SitFlush: Begin"
2026-08-11 10:46:39,"cmd: SitFlush: Begin"
2026-08-11 10:45:01,"cmd: SitFlush: Begin"
2026-08-11 10:41:19,"cmd: SitFlush: Begin"
2026-08-11 09:08:49,"cmd: SitFlush: Begin"
2026-08-11 09:06:07,"cmd: SitFlush: Begin"
2026-08-11 08:48:18,"cmd: SitFlush: Begin"
2026-08-10 19:54:08,"cmd: SitFlush: Begin"
2026-08-10 19:52:37,"cmd: SitFlush: Begin"
2026-08-10 19:50:38,"cmd: SitFlush: Begin"
2026-08-10 19:49:14,"cmd: SitFlush: Begin"
2026-08-10 19:47:38,"cmd: SitFlush: Begin"
2026-08-10 19:45:12,"cmd: SitFlush: Begin"
2026-08-10 19:43:48,"cmd: SitFlush: Begin"
2026-08-10 19:42:31,"cmd: SitFlush: Begin"
2026-08-10 19:39:59,"cmd: SitFlush: Begin"
2026-08-10 19:38:29,"cmd: SitFlush: Begin"
2026-08-10 19:36:29,"cmd: SitFlush: Begin"
2026-08-10 19:34:19,"cmd: SitFlush: Begin"
2026-08-10 19:31:54,"cmd: SitFlush: Begin"
2026-08-10 19:27:58,"cmd: SitFlush: Begin"
2026-08-10 19:27:04,"cmd: SitFlush: Begin"
2026-08-10 19:04:17,"cmd: SitFlush: Begin"
2026-08-10 19:02:08,"cmd: SitFlush: Begin"
2026-08-10 18:58:56,"cmd: SitFlush: Begin"
2026-08-10 18:55:57,"cmd: SitFlush: Begin"
2026-08-10 18:47:41,"cmd: SitFlush: Begin"
2026-08-10 18:33:57,"cmd: SitFlush: Begin"
2026-08-10 18:13:30,"cmd: SitFlush: Begin"
2026-08-10 17:58:32,"cmd: SitFlush: Begin"
2026-08-10 17:57:49,"cmd: SitFlush: Begin"
2026-08-10 17:57:09,"cmd: SitFlush: Begin"
2026-08-10 17:56:28,"cmd: SitFlush: Begin"
2026-08-10 17:55:48,"cmd: SitFlush: Begin"
2026-08-10 17:55:02,"cmd: SitFlush: Begin"
2026-08-10 17:54:15,"cmd: SitFlush: Begin"
2026-08-10 17:53:34,"cmd: SitFlush: Begin"
2026-08-10 17:52:51,"cmd: SitFlush: Begin"
2026-08-10 17:52:12,"cmd: SitFlush: Begin"
2026-08-10 17:51:23,"cmd: SitFlush: Begin"
2026-08-10 17:50:36,"cmd: SitFlush: Begin"
2026-08-10 17:49:48,"cmd: SitFlush: Begin"
2026-08-10 17:49:11,"cmd: SitFlush: Begin"
2026-08-10 17:48:31,"cmd: SitFlush: Begin"
2026-08-10 17:47:55,"cmd: SitFlush: Begin"
2026-08-10 17:47:16,"cmd: SitFlush: Begin"
2026-08-10 17:46:34,"cmd: SitFlush: Begin"
2026-08-10 17:45:49,"cmd: SitFlush: Begin"
2026-08-10 17:44:20,"cmd: SitFlush: Begin"
2026-08-10 17:43:05,"cmd: SitFlush: Begin"
2026-08-10 17:42:11,"cmd: SitFlush: Begin"
2026-08-10 17:41:22,"cmd: SitFlush: Begin"
2026-08-10 17:30:41,"cmd: SitFlush: Begin"
2026-08-10 17:29:02,"cmd: SitFlush: Begin"
2026-08-10 17:27:58,"cmd: SitFlush: Begin"
2026-08-10 17:27:03,"cmd: SitFlush: Begin"
2026-08-10 16:50:35,"cmd: SitFlush: Begin"
2026-08-10 16:50:10,"cmd: SitFlush: Begin"
2026-08-10 16:49:45,"cmd: SitFlush: Begin"
2026-08-10 16:49:19,"cmd: SitFlush: Begin"
2026-08-10 16:48:54,"cmd: SitFlush: Begin"
2026-08-10 16:48:29,"cmd: SitFlush: Begin"
2026-08-10 16:48:04,"cmd: SitFlush: Begin"
2026-08-10 16:47:40,"cmd: SitFlush: Begin"
2026-08-10 16:47:10,"cmd: SitFlush: Begin"
2026-08-10 16:46:45,"cmd: SitFlush: Begin"
2026-08-10 16:46:21,"cmd: SitFlush: Begin"
2026-08-10 16:45:54,"cmd: SitFlush: Begin"
2026-08-10 16:45:29,"cmd: SitFlush: Begin"
2026-08-10 16:45:05,"cmd: SitFlush: Begin"
2026-08-10 16:44:40,"cmd: SitFlush: Begin"
2026-08-10 16:43:04,"cmd: SitFlush: Begin"
2026-08-10 16:40:37,"cmd: SitFlush: Begin"
2026-08-10 16:39:18,"cmd: SitFlush: Begin"
2026-08-10 16:38:01,"cmd: SitFlush: Begin"
2026-08-10 16:36:45,"cmd: SitFlush: Begin"
2026-08-10 16:35:34,"cmd: SitFlush: Begin"
2026-08-10 16:34:23,"cmd: SitFlush: Begin"
2026-08-10 16:33:13,"cmd: SitFlush: Begin"
2026-08-10 16:32:09,"cmd: SitFlush: Begin"
2026-08-10 16:31:39,"cmd: SitFlush: Begin"
2026-08-10 16:31:10,"cmd: SitFlush: Begin"
2026-08-10 16:30:41,"cmd: SitFlush: Begin"
2026-08-10 16:30:11,"cmd: SitFlush: Begin"
2026-08-10 16:29:41,"cmd: SitFlush: Begin"
2026-08-10 16:29:11,"cmd: SitFlush: Begin"
2026-08-10 16:28:42,"cmd: SitFlush: Begin"
2026-08-10 16:27:10,"cmd: SitFlush: Begin"
2026-08-10 16:26:33,"cmd: SitFlush: Begin"
2026-08-10 16:26:01,"cmd: SitFlush: Begin"
2026-08-10 16:25:28,"cmd: SitFlush: Begin"
2026-08-10 16:24:54,"cmd: SitFlush: Begin"
2026-08-10 16:24:17,"cmd: SitFlush: Begin"
2026-08-10 16:23:48,"cmd: SitFlush: Begin"
2026-08-10 16:23:16,"cmd: SitFlush: Begin"
2026-08-10 16:22:48,"cmd: SitFlush: Begin"
2026-08-10 16:21:58,"cmd: SitFlush: Begin"
2026-08-10 16:21:24,"cmd: SitFlush: Begin"
2026-08-10 16:17:29,"cmd: SitFlush: Begin"
2026-08-10 16:16:34,"cmd: SitFlush: Begin"
2026-08-10 16:15:42,"cmd: SitFlush: Begin"
2026-08-10 16:14:25,"cmd: SitFlush: Begin"
2026-08-10 16:13:39,"cmd: SitFlush: Begin"
2026-08-10 16:13:10,"cmd: SitFlush: Begin"
2026-08-10 16:12:20,"cmd: SitFlush: Begin"
2026-08-10 16:11:31,"cmd: SitFlush: Begin"
2026-08-10 16:10:40,"cmd: SitFlush: Begin"
2026-08-10 16:10:04,"cmd: SitFlush: Begin"
2026-08-10 16:08:45,"cmd: SitFlush: Begin"
2026-08-10 16:08:17,"cmd: SitFlush: Begin"
2026-08-10 16:07:47,"cmd: SitFlush: Begin"
2026-08-10 16:07:13,"cmd: SitFlush: Begin"
2026-08-10 16:06:41,"cmd: SitFlush: Begin"
2026-08-10 16:06:12,"cmd: SitFlush: Begin"
2026-08-10 16:05:42,"cmd: SitFlush: Begin"
2026-08-10 16:03:55,"cmd: SitFlush: Begin"
2026-08-10 16:02:59,"cmd: SitFlush: Begin"
2026-08-10 12:12:10,"cmd: SitFlush: Begin"
2026-08-10 12:11:33,"cmd: SitFlush: Begin"
2026-08-10 12:10:51,"cmd: SitFlush: Begin"
2026-08-10 12:10:13,"cmd: SitFlush: Begin"
2026-08-10 12:09:30,"cmd: SitFlush: Begin"
2026-08-10 12:08:50,"cmd: SitFlush: Begin"
2026-08-10 12:08:12,"cmd: SitFlush: Begin"
2026-08-10 12:07:31,"cmd: SitFlush: Begin"
2026-08-10 12:06:42,"cmd: SitFlush: Begin"
2026-08-10 12:06:04,"cmd: SitFlush: Begin"
2026-08-10 12:05:26,"cmd: SitFlush: Begin"
2026-08-10 12:04:49,"cmd: SitFlush: Begin"
2026-08-10 12:04:12,"cmd: SitFlush: Begin"
2026-08-10 12:03:35,"cmd: SitFlush: Begin"
2026-08-10 12:02:58,"cmd: SitFlush: Begin"
2026-08-10 12:02:22,"cmd: SitFlush: Begin"
2026-08-10 12:01:30,"cmd: SitFlush: Begin"
2026-08-10 12:00:46,"cmd: SitFlush: Begin"
2026-08-10 12:00:06,"cmd: SitFlush: Begin"
2026-08-10 11:59:25,"cmd: SitFlush: Begin"
2026-08-10 11:58:48,"cmd: SitFlush: Begin"
2026-08-10 11:57:55,"cmd: SitFlush: Begin"
2026-08-10 11:57:18,"cmd: SitFlush: Begin"
2026-08-10 11:56:28,"cmd: SitFlush: Begin"
2026-08-10 11:55:14,"cmd: SitFlush: Begin"
2026-08-10 11:54:28,"cmd: SitFlush: Begin"
2026-08-10 11:25:49,"cmd: SitFlush: Begin"
2026-08-10 11:24:29,"cmd: SitFlush: Begin"
2026-08-10 11:23:15,"cmd: SitFlush: Begin"
2026-08-10 11:21:57,"cmd: SitFlush: Begin"
2026-08-10 11:20:35,"cmd: SitFlush: Begin"
2026-08-10 11:19:23,"cmd: SitFlush: Begin"
2026-08-10 11:18:14,"cmd: SitFlush: Begin"
2026-08-10 11:17:01,"cmd: SitFlush: Begin"
2026-08-10 11:15:58,"cmd: SitFlush: Begin"
2026-08-10 11:14:55,"cmd: SitFlush: Begin"
2026-08-10 11:13:28,"cmd: SitFlush: Begin"
2026-08-10 11:12:12,"cmd: SitFlush: Begin"
2026-08-10 11:10:56,"cmd: SitFlush: Begin"
2026-08-10 11:09:28,"cmd: SitFlush: Begin"
2026-08-10 11:08:10,"cmd: SitFlush: Begin"
2026-08-10 11:06:48,"cmd: SitFlush: Begin"
2026-08-10 11:05:31,"cmd: SitFlush: Begin"
2026-08-10 11:04:15,"cmd: SitFlush: Begin"
2026-08-10 11:03:01,"cmd: SitFlush: Begin"
2026-08-10 11:01:50,"cmd: SitFlush: Begin"
2026-08-10 11:00:35,"cmd: SitFlush: Begin"
2026-08-10 10:59:16,"cmd: SitFlush: Begin"
2026-08-10 10:58:01,"cmd: SitFlush: Begin"
2026-08-10 10:56:43,"cmd: SitFlush: Begin"
2026-08-10 10:55:27,"cmd: SitFlush: Begin"
2026-08-10 10:54:09,"cmd: SitFlush: Begin"
2026-08-10 10:52:53,"cmd: SitFlush: Begin"
2026-08-10 10:51:37,"cmd: SitFlush: Begin"
2026-08-10 10:50:15,"cmd: SitFlush: Begin"
2026-08-10 10:48:58,"cmd: SitFlush: Begin"
2026-08-10 10:42:00,"cmd: SitFlush: Begin"
2026-08-10 10:40:17,"cmd: SitFlush: Begin"
2026-08-10 10:36:55,"cmd: SitFlush: Begin"
2026-08-10 10:34:49,"cmd: SitFlush: Begin"
2026-08-10 10:33:35,"cmd: SitFlush: Begin"
2026-08-10 10:32:44,"cmd: SitFlush: Begin"
2026-08-10 10:31:58,"cmd: SitFlush: Begin"
2026-08-10 10:30:42,"cmd: SitFlush: Begin"
2026-08-10 10:26:25,"cmd: SitFlush: Begin"
2026-08-10 10:17:43,"cmd: SitFlush: Begin"
2026-08-10 10:16:59,"cmd: SitFlush: Begin"
2026-08-10 10:16:08,"cmd: SitFlush: Begin"
2026-08-10 10:15:04,"cmd: SitFlush: Begin"
2026-08-10 10:14:19,"cmd: SitFlush: Begin"
2026-08-10 10:13:09,"cmd: SitFlush: Begin"
2026-08-10 10:12:18,"cmd: SitFlush: Begin"
2026-08-10 10:11:23,"cmd: SitFlush: Begin"
2026-08-10 10:10:21,"cmd: SitFlush: Begin"
2026-08-10 10:09:05,"cmd: SitFlush: Begin"
2026-08-10 10:08:23,"cmd: SitFlush: Begin"
2026-08-10 10:07:26,"cmd: SitFlush: Begin"
2026-08-10 10:06:41,"cmd: SitFlush: Begin"
2026-08-10 10:06:12,"cmd: SitFlush: Begin"
2026-08-10 10:05:40,"cmd: SitFlush: Begin"
2026-08-10 08:49:35,"cmd: SitFlush: Begin"
2026-08-07 18:09:58,"cmd: SitFlush: Begin"
2026-08-07 18:09:09,"cmd: SitFlush: Begin"
2026-08-07 18:08:23,"cmd: SitFlush: Begin"
2026-08-07 18:07:42,"cmd: SitFlush: Begin"
2026-08-07 18:06:52,"cmd: SitFlush: Begin"
2026-08-07 18:05:58,"cmd: SitFlush: Begin"
2026-08-07 18:04:46,"cmd: SitFlush: Begin"
2026-08-07 18:03:40,"cmd: SitFlush: Begin"
2026-08-07 18:02:35,"cmd: SitFlush: Begin"
2026-08-07 18:00:36,"cmd: SitFlush: Begin"
2026-08-07 17:59:26,"cmd: SitFlush: Begin"
2026-08-07 17:58:24,"cmd: SitFlush: Begin"
2026-08-07 17:57:17,"cmd: SitFlush: Begin"
2026-08-07 17:56:09,"cmd: SitFlush: Begin"
2026-08-07 17:52:59,"cmd: SitFlush: Begin"
2026-08-07 17:51:10,"cmd: SitFlush: Begin"
2026-08-07 17:49:23,"cmd: SitFlush: Begin"
2026-08-07 17:48:27,"cmd: SitFlush: Begin"
2026-08-07 17:47:10,"cmd: SitFlush: Begin"
2026-08-07 17:46:16,"cmd: SitFlush: Begin"
2026-08-07 17:43:47,"cmd: SitFlush: Begin"
2026-08-07 17:43:00,"cmd: SitFlush: Begin"
2026-08-07 17:42:10,"cmd: SitFlush: Begin"
2026-08-07 17:41:05,"cmd: SitFlush: Begin"
2026-08-07 17:39:11,"cmd: SitFlush: Begin"
2026-08-07 17:38:40,"cmd: SitFlush: Begin"
2026-08-07 17:38:08,"cmd: SitFlush: Begin"
2026-08-07 12:49:53,"cmd: SitFlush: Begin"
2026-08-07 12:47:42,"cmd: SitFlush: Begin"
2026-08-07 12:45:35,"cmd: SitFlush: Begin"
2026-08-07 12:43:27,"cmd: SitFlush: Begin"
2026-08-07 12:41:19,"cmd: SitFlush: Begin"
2026-08-07 12:39:11,"cmd: SitFlush: Begin"
2026-08-07 12:37:04,"cmd: SitFlush: Begin"
2026-08-07 12:34:58,"cmd: SitFlush: Begin"
2026-08-07 12:32:50,"cmd: SitFlush: Begin"
2026-08-07 12:30:36,"cmd: SitFlush: Begin"
2026-08-07 12:28:27,"cmd: SitFlush: Begin"
2026-08-07 12:26:19,"cmd: SitFlush: Begin"
2026-08-07 12:24:11,"cmd: SitFlush: Begin"
2026-08-07 12:22:04,"cmd: SitFlush: Begin"
2026-08-07 12:19:57,"cmd: SitFlush: Begin"
2026-08-07 12:17:47,"cmd: SitFlush: Begin"
2026-08-07 12:15:37,"cmd: SitFlush: Begin"
2026-08-07 12:13:23,"cmd: SitFlush: Begin"
2026-08-07 12:11:15,"cmd: SitFlush: Begin"
2026-08-07 12:09:07,"cmd: SitFlush: Begin"
2026-08-07 12:06:57,"cmd: SitFlush: Begin"
2026-08-07 12:04:46,"cmd: SitFlush: Begin"
2026-08-07 12:02:37,"cmd: SitFlush: Begin"
2026-08-07 12:00:27,"cmd: SitFlush: Begin"
2026-08-07 11:58:17,"cmd: SitFlush: Begin"
2026-08-07 11:37:13,"cmd: SitFlush: Begin"
2026-08-07 11:35:00,"cmd: SitFlush: Begin"
2026-08-07 11:32:46,"cmd: SitFlush: Begin"
2026-08-07 11:30:41,"cmd: SitFlush: Begin"
2026-08-07 11:28:28,"cmd: SitFlush: Begin"
2026-08-07 11:26:10,"cmd: SitFlush: Begin"
2026-08-07 11:24:19,"cmd: SitFlush: Begin"
2026-08-07 11:18:44,"cmd: SitFlush: Begin"
2026-08-07 11:16:39,"cmd: SitFlush: Begin"
2026-08-07 11:14:30,"cmd: SitFlush: Begin"
2026-08-07 11:11:05,"cmd: SitFlush: Begin"
2026-08-07 11:08:21,"cmd: SitFlush: Begin"
2026-08-07 11:06:20,"cmd: SitFlush: Begin"
2026-08-07 11:04:07,"cmd: SitFlush: Begin"
2026-08-07 11:01:56,"cmd: SitFlush: Begin"
2026-08-07 10:59:41,"cmd: SitFlush: Begin"
2026-08-07 10:57:24,"cmd: SitFlush: Begin"
2026-08-07 10:55:14,"cmd: SitFlush: Begin"
2026-08-07 10:52:20,"cmd: SitFlush: Begin"
2026-08-07 10:50:13,"cmd: SitFlush: Begin"
2026-08-07 10:47:22,"cmd: SitFlush: Begin"
2026-08-07 10:45:19,"cmd: SitFlush: Begin"
2026-08-07 10:42:07,"cmd: SitFlush: Begin"
2026-08-07 10:39:58,"cmd: SitFlush: Begin"
2026-08-07 10:34:21,"cmd: SitFlush: Begin"
2026-08-07 10:32:10,"cmd: SitFlush: Begin"
2026-08-07 10:30:06,"cmd: SitFlush: Begin"
2026-08-07 10:27:59,"cmd: SitFlush: Begin"
2026-08-07 10:25:50,"cmd: SitFlush: Begin"
2026-08-07 10:23:32,"cmd: SitFlush: Begin"
2026-08-07 10:21:29,"cmd: SitFlush: Begin"
2026-08-07 10:18:20,"cmd: SitFlush: Begin"
2026-08-07 10:15:47,"cmd: SitFlush: Begin"
2026-08-07 10:10:43,"cmd: SitFlush: Begin"
2026-08-07 10:06:35,"cmd: SitFlush: Begin"
2026-08-07 10:03:21,"cmd: SitFlush: Begin"
2026-08-07 10:01:01,"cmd: SitFlush: Begin"
2026-08-07 09:55:07,"cmd: SitFlush: Begin"
2026-08-07 09:52:45,"cmd: SitFlush: Begin"
2026-08-07 09:50:16,"cmd: SitFlush: Begin"
2026-08-07 09:47:43,"cmd: SitFlush: Begin"
2026-08-07 09:45:24,"cmd: SitFlush: Begin"
2026-08-07 09:34:18,"cmd: SitFlush: Begin"
2026-08-07 09:33:30,"cmd: SitFlush: Begin"
2026-08-07 09:32:45,"cmd: SitFlush: Begin"
2026-08-07 09:31:58,"cmd: SitFlush: Begin"
2026-08-07 09:31:13,"cmd: SitFlush: Begin"
2026-08-07 09:30:28,"cmd: SitFlush: Begin"
2026-08-07 09:29:44,"cmd: SitFlush: Begin"
2026-08-07 09:28:57,"cmd: SitFlush: Begin"
2026-08-07 09:28:03,"cmd: SitFlush: Begin"
2026-08-07 09:27:10,"cmd: SitFlush: Begin"
2026-08-07 09:26:17,"cmd: SitFlush: Begin"
2026-08-07 09:25:20,"cmd: SitFlush: Begin"
2026-08-07 09:24:31,"cmd: SitFlush: Begin"
2026-08-07 09:23:35,"cmd: SitFlush: Begin"
2026-08-07 09:22:46,"cmd: SitFlush: Begin"
2026-08-07 09:22:02,"cmd: SitFlush: Begin"
2026-08-07 09:21:09,"cmd: SitFlush: Begin"
2026-08-07 08:39:22,"cmd: SitFlush: Begin"
2026-08-07 08:34:12,"cmd: SitFlush: Begin"
2026-08-06 19:06:27,"cmd: SitFlush: Begin"
2026-08-06 19:00:31,"cmd: SitFlush: Begin"
2026-08-06 18:50:28,"cmd: SitFlush: Begin"
2026-08-06 18:48:42,"cmd: SitFlush: Begin"
2026-08-06 18:45:57,"cmd: SitFlush: Begin"
2026-08-06 18:44:27,"cmd: SitFlush: Begin"
2026-08-06 18:37:24,"cmd: SitFlush: Begin"
2026-08-06 18:36:28,"cmd: SitFlush: Begin"
2026-08-06 18:31:46,"cmd: SitFlush: Begin"
2026-08-06 18:30:53,"cmd: SitFlush: Begin"
2026-08-06 18:29:55,"cmd: SitFlush: Begin"
2026-08-06 18:27:12,"cmd: SitFlush: Begin"
2026-08-06 18:25:57,"cmd: SitFlush: Begin"
2026-08-06 18:25:06,"cmd: SitFlush: Begin"
2026-08-06 18:24:13,"cmd: SitFlush: Begin"
2026-08-06 16:25:50,"cmd: SitFlush: Begin"
2026-08-06 16:24:54,"cmd: SitFlush: Begin"
2026-08-06 16:23:59,"cmd: SitFlush: Begin"
2026-08-06 16:23:04,"cmd: SitFlush: Begin"
2026-08-06 16:22:08,"cmd: SitFlush: Begin"
2026-08-06 16:21:13,"cmd: SitFlush: Begin"
2026-08-06 16:19:36,"cmd: SitFlush: Begin"
2026-08-06 16:18:37,"cmd: SitFlush: Begin"
2026-08-06 16:16:45,"cmd: SitFlush: Begin"
2026-08-06 16:16:13,"cmd: SitFlush: Begin"
2026-08-06 16:15:43,"cmd: SitFlush: Begin"
2026-08-06 16:15:03,"cmd: SitFlush: Begin"
2026-08-06 16:14:25,"cmd: SitFlush: Begin"
2026-08-06 16:13:50,"cmd: SitFlush: Begin"
2026-08-06 16:01:26,"cmd: SitFlush: Begin"
2026-08-06 16:00:07,"cmd: SitFlush: Begin"
2026-08-06 15:58:56,"cmd: SitFlush: Begin"
2026-08-06 15:57:42,"cmd: SitFlush: Begin"
2026-08-06 15:56:53,"cmd: SitFlush: Begin"
2026-08-06 15:56:08,"cmd: SitFlush: Begin"
2026-08-06 15:55:21,"cmd: SitFlush: Begin"
2026-08-06 15:54:05,"cmd: SitFlush: Begin"
2026-08-06 15:52:50,"cmd: SitFlush: Begin"
2026-08-06 15:51:38,"cmd: SitFlush: Begin"
2026-08-06 15:50:34,"cmd: SitFlush: Begin"
2026-08-06 15:49:25,"cmd: SitFlush: Begin"
2026-08-06 15:48:10,"cmd: SitFlush: Begin"
2026-08-06 15:46:55,"cmd: SitFlush: Begin"
2026-08-06 15:45:51,"cmd: SitFlush: Begin"
2026-08-06 15:44:39,"cmd: SitFlush: Begin"
2026-08-06 15:43:24,"cmd: SitFlush: Begin"
2026-08-06 15:42:06,"cmd: SitFlush: Begin"
2026-08-06 15:40:49,"cmd: SitFlush: Begin"
2026-08-06 15:39:29,"cmd: SitFlush: Begin"
2026-08-06 15:38:00,"cmd: SitFlush: Begin"
2026-08-06 15:36:27,"cmd: SitFlush: Begin"
2026-08-06 15:35:07,"cmd: SitFlush: Begin"
2026-08-06 15:33:47,"cmd: SitFlush: Begin"
2026-08-06 15:27:45,"cmd: SitFlush: Begin"
2026-08-06 15:27:09,"cmd: SitFlush: Begin"
2026-08-06 15:25:50,"cmd: SitFlush: Begin"
2026-08-06 15:25:04,"cmd: SitFlush: Begin"
2026-08-06 15:24:06,"cmd: SitFlush: Begin"
2026-08-06 15:23:17,"cmd: SitFlush: Begin"
2026-08-06 15:22:28,"cmd: SitFlush: Begin"
2026-08-06 15:21:36,"cmd: SitFlush: Begin"
2026-08-06 15:20:42,"cmd: SitFlush: Begin"
2026-08-06 15:20:00,"cmd: SitFlush: Begin"
2026-08-06 15:19:09,"cmd: SitFlush: Begin"
2026-08-06 15:18:09,"cmd: SitFlush: Begin"
2026-08-06 15:17:15,"cmd: SitFlush: Begin"
2026-08-06 15:16:34,"cmd: SitFlush: Begin"
2026-08-06 15:15:43,"cmd: SitFlush: Begin"
2026-08-06 15:14:29,"cmd: SitFlush: Begin"
2026-08-06 15:13:53,"cmd: SitFlush: Begin"
2026-08-06 15:08:16,"cmd: SitFlush: Begin"
2026-08-06 15:07:21,"cmd: SitFlush: Begin"
2026-08-06 15:05:57,"cmd: SitFlush: Begin"
2026-08-06 15:04:32,"cmd: SitFlush: Begin"
2026-08-06 15:03:03,"cmd: SitFlush: Begin"
2026-08-06 15:01:32,"cmd: SitFlush: Begin"
2026-08-06 15:00:01,"cmd: SitFlush: Begin"
2026-08-06 14:58:09,"cmd: SitFlush: Begin"
2026-08-06 14:54:21,"cmd: SitFlush: Begin"
2026-08-06 14:52:50,"cmd: SitFlush: Begin"
2026-08-06 14:51:23,"cmd: SitFlush: Begin"
2026-08-06 14:49:11,"cmd: SitFlush: Begin"
2026-08-06 14:47:39,"cmd: SitFlush: Begin"
2026-08-06 14:46:16,"cmd: SitFlush: Begin"
2026-08-06 14:44:54,"cmd: SitFlush: Begin"
2026-08-06 14:38:46,"cmd: SitFlush: Begin"
2026-08-06 14:37:18,"cmd: SitFlush: Begin"
2026-08-06 14:35:39,"cmd: SitFlush: Begin"
2026-08-06 14:34:10,"cmd: SitFlush: Begin"
2026-08-06 14:32:34,"cmd: SitFlush: Begin"
2026-08-06 14:31:09,"cmd: SitFlush: Begin"
2026-08-06 14:29:40,"cmd: SitFlush: Begin"
2026-08-06 14:28:19,"cmd: SitFlush: Begin"
2026-08-06 14:26:47,"cmd: SitFlush: Begin"
2026-08-06 14:25:22,"cmd: SitFlush: Begin"
2026-08-06 14:23:56,"cmd: SitFlush: Begin"
2026-08-06 14:22:30,"cmd: SitFlush: Begin"
2026-08-06 14:21:01,"cmd: SitFlush: Begin"
2026-08-06 14:19:07,"cmd: SitFlush: Begin"
2026-08-06 14:16:52,"cmd: SitFlush: Begin"
2026-08-06 14:14:34,"cmd: SitFlush: Begin"
2026-08-06 14:12:31,"cmd: SitFlush: Begin"
2026-08-06 14:09:29,"cmd: SitFlush: Begin"
2026-08-06 14:06:56,"cmd: SitFlush: Begin"
2026-08-06 14:04:54,"cmd: SitFlush: Begin"
2026-08-06 14:00:47,"cmd: SitFlush: Begin"
2026-08-06 13:58:49,"cmd: SitFlush: Begin"
2026-08-06 13:56:25,"cmd: SitFlush: Begin"
2026-08-06 13:54:19,"cmd: SitFlush: Begin"
2026-08-06 13:52:14,"cmd: SitFlush: Begin"
2026-08-06 13:50:03,"cmd: SitFlush: Begin"
2026-08-06 13:47:48,"cmd: SitFlush: Begin"
2026-08-06 13:45:40,"cmd: SitFlush: Begin"
2026-08-06 13:43:36,"cmd: SitFlush: Begin"
2026-08-06 13:41:24,"cmd: SitFlush: Begin"
2026-08-06 13:39:15,"cmd: SitFlush: Begin"
2026-08-06 13:36:48,"cmd: SitFlush: Begin"
2026-08-06 13:34:05,"cmd: SitFlush: Begin"
2026-08-06 11:10:18,"cmd: SitFlush: Begin"
2026-08-06 10:52:58,"cmd: SitFlush: Begin"
2026-08-06 10:50:49,"cmd: SitFlush: Begin"
2026-08-06 10:48:49,"cmd: SitFlush: Begin"
2026-08-06 10:46:36,"cmd: SitFlush: Begin"
2026-08-06 10:44:32,"cmd: SitFlush: Begin"
2026-08-06 10:42:25,"cmd: SitFlush: Begin"
2026-08-06 10:40:10,"cmd: SitFlush: Begin"
2026-08-06 10:39:57,"cmd: SitFlush: Begin"
2026-08-06 10:36:29,"cmd: SitFlush: Begin"
2026-08-06 10:33:46,"cmd: SitFlush: Begin"
2026-08-06 10:32:12,"cmd: SitFlush: Begin"
2026-08-06 10:27:05,"cmd: SitFlush: Begin"
2026-08-06 10:11:45,"cmd: SitFlush: Begin"
2026-08-06 10:11:04,"cmd: SitFlush: Begin"
2026-08-06 09:58:36,"cmd: SitFlush: Begin"
2026-08-06 09:57:36,"cmd: SitFlush: Begin"
2026-08-06 09:56:21,"cmd: SitFlush: Begin"
2026-08-06 09:55:31,"cmd: SitFlush: Begin"
2026-08-06 09:54:30,"cmd: SitFlush: Begin"
2026-08-06 09:52:43,"cmd: SitFlush: Begin"
2026-08-06 09:50:51,"cmd: SitFlush: Begin"
2026-08-06 09:49:36,"cmd: SitFlush: Begin"
2026-08-06 09:47:26,"cmd: SitFlush: Begin"
2026-08-06 09:46:34,"cmd: SitFlush: Begin"
2026-08-06 09:45:29,"cmd: SitFlush: Begin"
2026-08-06 09:44:30,"cmd: SitFlush: Begin"
2026-08-06 09:43:37,"cmd: SitFlush: Begin"
2026-08-06 09:41:58,"cmd: SitFlush: Begin"
2026-08-06 09:40:21,"cmd: SitFlush: Begin"
2026-08-06 09:38:20,"cmd: SitFlush: Begin"
2026-08-06 09:36:09,"cmd: SitFlush: Begin"
2026-08-06 09:35:37,"cmd: SitFlush: Begin"
2026-08-06 09:32:42,"cmd: SitFlush: Begin"
2026-08-06 09:10:19,"cmd: SitFlush: Begin"
2026-08-06 09:08:13,"cmd: SitFlush: Begin"
2026-08-06 09:06:49,"cmd: SitFlush: Begin"
2026-08-05 10:23:58,"cmd: SitFlush: Begin"
2026-08-05 10:23:33,"cmd: SitFlush: Begin"
2026-08-05 10:23:04,"cmd: SitFlush: Begin"
2026-08-05 10:22:28,"cmd: SitFlush: Begin"
2026-08-05 10:21:40,"cmd: SitFlush: Begin"
2026-08-05 10:21:10,"cmd: SitFlush: Begin"
2026-08-05 10:20:35,"cmd: SitFlush: Begin"
2026-08-05 10:20:03,"cmd: SitFlush: Begin"
2026-08-05 10:19:30,"cmd: SitFlush: Begin"
2026-08-05 10:19:03,"cmd: SitFlush: Begin"
2026-08-05 10:18:35,"cmd: SitFlush: Begin"
2026-08-05 10:18:02,"cmd: SitFlush: Begin"
2026-08-05 10:17:30,"cmd: SitFlush: Begin"
2026-08-05 10:17:02,"cmd: SitFlush: Begin"
2026-08-05 10:16:32,"cmd: SitFlush: Begin"
2026-08-05 10:16:01,"cmd: SitFlush: Begin"
2026-08-05 10:15:14,"cmd: SitFlush: Begin"
2026-08-05 10:14:41,"cmd: SitFlush: Begin"
2026-08-05 10:14:11,"cmd: SitFlush: Begin"
2026-08-05 10:13:35,"cmd: SitFlush: Begin"
2026-08-05 10:13:06,"cmd: SitFlush: Begin"
2026-08-05 10:12:36,"cmd: SitFlush: Begin"
2026-08-05 10:11:50,"cmd: SitFlush: Begin"
2026-08-05 10:11:18,"cmd: SitFlush: Begin"
2026-08-05 10:10:48,"cmd: SitFlush: Begin"
2026-08-05 10:10:24,"cmd: SitFlush: Begin"
2026-08-05 10:09:11,"cmd: SitFlush: Begin"
2026-08-05 08:58:12,"cmd: SitFlush: Begin"
2026-08-05 08:52:57,"cmd: SitFlush: Begin"
2026-08-04 19:56:36,"cmd: SitFlush: Begin"
2026-08-04 19:55:17,"cmd: SitFlush: Begin"
2026-08-04 19:33:32,"cmd: SitFlush: Begin"
2026-08-04 19:29:58,"cmd: SitFlush: Begin"
2026-08-04 19:27:15,"cmd: SitFlush: Begin"
2026-08-04 19:25:35,"cmd: SitFlush: Begin"
2026-08-04 19:01:12,"cmd: SitFlush: Begin"
2026-08-04 18:16:32,"cmd: SitFlush: Begin"
2026-08-04 17:31:51,"cmd: SitFlush: Begin"
2026-08-04 17:29:24,"cmd: SitFlush: Begin"
2026-08-04 17:18:15,"cmd: SitFlush: Begin"
2026-08-04 17:15:56,"cmd: SitFlush: Begin"
2026-08-04 17:14:39,"cmd: SitFlush: Begin"
2026-08-04 17:10:41,"cmd: SitFlush: Begin"
2026-08-04 16:42:24,"cmd: SitFlush: Begin"
2026-08-04 16:41:02,"cmd: SitFlush: Begin"
2026-08-04 16:39:35,"cmd: SitFlush: Begin"
2026-08-04 16:38:13,"cmd: SitFlush: Begin"
2026-08-04 16:36:47,"cmd: SitFlush: Begin"
2026-08-04 16:35:25,"cmd: SitFlush: Begin"
2026-08-04 16:33:57,"cmd: SitFlush: Begin"
2026-08-04 16:32:35,"cmd: SitFlush: Begin"
2026-08-04 16:31:09,"cmd: SitFlush: Begin"
2026-08-04 16:29:47,"cmd: SitFlush: Begin"
2026-08-04 16:28:20,"cmd: SitFlush: Begin"
2026-08-04 16:26:58,"cmd: SitFlush: Begin"
2026-08-04 16:25:33,"cmd: SitFlush: Begin"
2026-08-04 16:24:10,"cmd: SitFlush: Begin"
2026-08-04 16:22:43,"cmd: SitFlush: Begin"
2026-08-04 16:21:19,"cmd: SitFlush: Begin"
2026-08-04 16:19:53,"cmd: SitFlush: Begin"
2026-08-04 16:18:26,"cmd: SitFlush: Begin"
2026-08-04 16:17:00,"cmd: SitFlush: Begin"
2026-08-04 16:15:38,"cmd: SitFlush: Begin"
2026-08-04 16:14:11,"cmd: SitFlush: Begin"
2026-08-04 16:12:49,"cmd: SitFlush: Begin"
2026-08-04 16:11:23,"cmd: SitFlush: Begin"
2026-08-04 16:10:01,"cmd: SitFlush: Begin"
2026-08-04 16:08:34,"cmd: SitFlush: Begin"
2026-08-04 16:07:12,"cmd: SitFlush: Begin"
2026-08-04 16:05:45,"cmd: SitFlush: Begin"
2026-08-04 16:04:23,"cmd: SitFlush: Begin"
2026-08-04 16:02:57,"cmd: SitFlush: Begin"
2026-08-04 16:01:35,"cmd: SitFlush: Begin"
2026-08-04 16:00:08,"cmd: SitFlush: Begin"
2026-08-04 15:58:45,"cmd: SitFlush: Begin"
2026-08-04 15:57:16,"cmd: SitFlush: Begin"
2026-08-04 15:55:54,"cmd: SitFlush: Begin"
2026-08-04 15:54:27,"cmd: SitFlush: Begin"
2026-08-04 15:53:06,"cmd: SitFlush: Begin"
2026-08-04 15:51:39,"cmd: SitFlush: Begin"
2026-08-04 15:50:17,"cmd: SitFlush: Begin"
2026-08-04 15:42:33,"cmd: SitFlush: Begin"
2026-08-04 15:06:32,"cmd: SitFlush: Begin"
2026-08-04 15:04:59,"cmd: SitFlush: Begin"
2026-08-04 15:03:29,"cmd: SitFlush: Begin"
2026-08-04 15:02:00,"cmd: SitFlush: Begin"
2026-08-04 15:00:31,"cmd: SitFlush: Begin"
2026-08-04 14:58:57,"cmd: SitFlush: Begin"
2026-08-04 14:57:28,"cmd: SitFlush: Begin"
2026-08-04 14:55:59,"cmd: SitFlush: Begin"
2026-08-04 14:54:29,"cmd: SitFlush: Begin"
2026-08-04 14:52:56,"cmd: SitFlush: Begin"
2026-08-04 14:51:27,"cmd: SitFlush: Begin"
2026-08-04 14:49:56,"cmd: SitFlush: Begin"
2026-08-04 14:48:26,"cmd: SitFlush: Begin"
2026-08-04 14:46:52,"cmd: SitFlush: Begin"
2026-08-04 14:45:23,"cmd: SitFlush: Begin"
2026-08-04 14:43:53,"cmd: SitFlush: Begin"
2026-08-04 14:42:24,"cmd: SitFlush: Begin"
2026-08-04 14:40:51,"cmd: SitFlush: Begin"
2026-08-04 14:39:22,"cmd: SitFlush: Begin"
2026-08-04 14:37:53,"cmd: SitFlush: Begin"
2026-08-04 14:36:24,"cmd: SitFlush: Begin"
2026-08-04 14:34:50,"cmd: SitFlush: Begin"
2026-08-04 14:33:21,"cmd: SitFlush: Begin"
2026-08-04 14:31:50,"cmd: SitFlush: Begin"
2026-08-04 14:30:21,"cmd: SitFlush: Begin"
2026-08-04 14:28:46,"cmd: SitFlush: Begin"
2026-08-04 14:27:17,"cmd: SitFlush: Begin"
2026-08-04 14:25:48,"cmd: SitFlush: Begin"
2026-08-04 14:24:19,"cmd: SitFlush: Begin"
2026-08-04 14:22:46,"cmd: SitFlush: Begin"
2026-08-04 14:21:16,"cmd: SitFlush: Begin"
2026-08-04 14:19:46,"cmd: SitFlush: Begin"
2026-08-04 14:18:17,"cmd: SitFlush: Begin"
2026-08-04 14:16:43,"cmd: SitFlush: Begin"
2026-08-04 14:15:14,"cmd: SitFlush: Begin"
2026-08-04 14:13:42,"cmd: SitFlush: Begin"
2026-08-04 14:12:13,"cmd: SitFlush: Begin"
2026-08-04 14:10:39,"cmd: SitFlush: Begin"
2026-08-04 14:09:10,"cmd: SitFlush: Begin"
2026-08-04 14:07:40,"cmd: SitFlush: Begin"
2026-08-04 14:06:11,"cmd: SitFlush: Begin"
2026-08-04 14:04:38,"cmd: SitFlush: Begin"
2026-08-04 14:03:08,"cmd: SitFlush: Begin"
2026-08-04 14:01:39,"cmd: SitFlush: Begin"
2026-08-04 14:00:10,"cmd: SitFlush: Begin"
2026-08-04 13:58:36,"cmd: SitFlush: Begin"
2026-08-04 13:57:07,"cmd: SitFlush: Begin"
2026-08-04 13:55:36,"cmd: SitFlush: Begin"
2026-08-04 13:54:07,"cmd: SitFlush: Begin"
2026-08-04 13:49:17,"cmd: SitFlush: Begin"
2026-08-04 13:47:47,"cmd: SitFlush: Begin"
2026-08-04 13:46:14,"cmd: SitFlush: Begin"
2026-08-04 13:44:45,"cmd: SitFlush: Begin"
2026-08-04 13:43:16,"cmd: SitFlush: Begin"
2026-08-04 13:41:46,"cmd: SitFlush: Begin"
2026-08-04 13:40:13,"cmd: SitFlush: Begin"
2026-08-04 13:38:43,"cmd: SitFlush: Begin"
2026-08-04 13:37:14,"cmd: SitFlush: Begin"
2026-08-04 13:35:43,"cmd: SitFlush: Begin"
2026-08-04 13:34:10,"cmd: SitFlush: Begin"
2026-08-04 13:32:40,"cmd: SitFlush: Begin"
2026-08-04 13:31:12,"cmd: SitFlush: Begin"
2026-08-04 13:29:42,"cmd: SitFlush: Begin"
2026-08-04 13:28:09,"cmd: SitFlush: Begin"
2026-08-04 13:26:39,"cmd: SitFlush: Begin"
2026-08-04 13:25:10,"cmd: SitFlush: Begin"
2026-08-04 13:23:40,"cmd: SitFlush: Begin"
2026-08-04 13:22:07,"cmd: SitFlush: Begin"
2026-08-04 13:20:38,"cmd: SitFlush: Begin"
2026-08-04 13:19:08,"cmd: SitFlush: Begin"
2026-08-04 13:17:30,"cmd: SitFlush: Begin"
2026-08-04 13:15:05,"cmd: SitFlush: Begin"
2026-08-04 13:13:29,"cmd: SitFlush: Begin"
2026-08-04 13:11:55,"cmd: SitFlush: Begin"
2026-08-04 13:10:22,"cmd: SitFlush: Begin"
2026-08-04 13:08:41,"cmd: SitFlush: Begin"
2026-08-04 13:07:52,"cmd: SitFlush: Begin"
2026-08-04 13:07:17,"cmd: SitFlush: Begin"
2026-08-04 12:51:55,"cmd: SitFlush: Begin"
2026-08-04 12:41:02,"cmd: SitFlush: Begin"
2026-08-04 12:24:50,"cmd: SitFlush: Begin"
2026-08-04 12:10:59,"cmd: SitFlush: Begin"
2026-08-04 11:58:30,"cmd: SitFlush: Begin"
2026-08-04 11:44:44,"cmd: SitFlush: Begin"
2026-08-04 11:37:32,"cmd: SitFlush: Begin"
2026-08-04 11:36:21,"cmd: SitFlush: Begin"
2026-08-04 11:27:31,"cmd: SitFlush: Begin"
2026-08-04 11:17:01,"cmd: SitFlush: Begin"
2026-08-04 11:15:57,"cmd: SitFlush: Begin"
2026-08-04 11:14:42,"cmd: SitFlush: Begin"
2026-08-04 11:13:47,"cmd: SitFlush: Begin"
2026-08-04 11:12:40,"cmd: SitFlush: Begin"
2026-08-04 11:11:37,"cmd: SitFlush: Begin"
2026-08-04 11:10:28,"cmd: SitFlush: Begin"
2026-08-04 11:09:12,"cmd: SitFlush: Begin"
2026-08-04 11:07:49,"cmd: SitFlush: Begin"
2026-08-04 11:06:25,"cmd: SitFlush: Begin"
2026-08-04 11:05:17,"cmd: SitFlush: Begin"
2026-08-04 11:03:30,"cmd: SitFlush: Begin"
2026-08-04 11:00:09,"cmd: SitFlush: Begin"
2026-08-04 10:57:38,"cmd: SitFlush: Begin"
2026-08-04 10:56:31,"cmd: SitFlush: Begin"
2026-08-04 10:55:22,"cmd: SitFlush: Begin"
2026-08-04 10:54:07,"cmd: SitFlush: Begin"
2026-08-04 10:48:13,"cmd: SitFlush: Begin"
2026-08-04 10:47:34,"cmd: SitFlush: Begin"
2026-08-04 10:44:49,"cmd: SitFlush: Begin"
2026-08-04 10:43:41,"cmd: SitFlush: Begin"
2026-08-04 10:37:03,"cmd: SitFlush: Begin"
2026-08-04 10:35:54,"cmd: SitFlush: Begin"
2026-08-04 10:34:47,"cmd: SitFlush: Begin"
2026-08-04 10:32:49,"cmd: SitFlush: Begin"
2026-08-04 10:31:29,"cmd: SitFlush: Begin"
2026-08-04 10:26:59,"cmd: SitFlush: Begin"
2026-08-04 10:25:16,"cmd: SitFlush: Begin"
2026-08-04 10:22:29,"cmd: SitFlush: Begin"
2026-08-04 10:21:38,"cmd: SitFlush: Begin"
2026-08-04 10:19:52,"cmd: SitFlush: Begin"
2026-08-04 10:18:52,"cmd: SitFlush: Begin"
2026-08-04 10:17:43,"cmd: SitFlush: Begin"
2026-08-04 10:16:48,"cmd: SitFlush: Begin"
2026-08-04 10:15:58,"cmd: SitFlush: Begin"
2026-08-04 10:15:12,"cmd: SitFlush: Begin"
2026-08-04 10:13:32,"cmd: SitFlush: Begin"
2026-08-04 10:12:06,"cmd: SitFlush: Begin"
2026-08-04 10:10:12,"cmd: SitFlush: Begin"
2026-08-04 10:09:07,"cmd: SitFlush: Begin"
2026-08-04 10:08:03,"cmd: SitFlush: Begin"
2026-08-04 10:07:10,"cmd: SitFlush: Begin"
2026-08-04 10:06:19,"cmd: SitFlush: Begin"
2026-08-04 10:05:01,"cmd: SitFlush: Begin"
2026-08-04 10:03:51,"cmd: SitFlush: Begin"
2026-08-04 09:58:43,"cmd: SitFlush: Begin"
2026-08-04 09:56:20,"cmd: SitFlush: Begin"
2026-08-04 09:53:13,"cmd: SitFlush: Begin"
2026-08-04 09:51:49,"cmd: SitFlush: Begin"
2026-08-04 09:48:29,"cmd: SitFlush: Begin"
2026-08-04 09:48:02,"cmd: SitFlush: Begin"
2026-08-04 09:38:28,"cmd: SitFlush: Begin"
2026-08-04 09:36:26,"cmd: SitFlush: Begin"
2026-08-04 09:11:56,"cmd: SitFlush: Begin"
2026-08-03 18:22:01,"cmd: SitFlush: Begin"
2026-08-03 18:19:55,"cmd: SitFlush: Begin"
2026-08-03 18:18:48,"cmd: SitFlush: Begin"
2026-08-03 18:13:51,"cmd: SitFlush: Begin"
2026-08-03 18:08:38,"cmd: SitFlush: Begin"
2026-08-03 18:04:21,"cmd: SitFlush: Begin"
2026-08-03 15:49:59,"cmd: SitFlush: Begin"
2026-08-03 15:49:05,"cmd: SitFlush: Begin"
2026-08-03 15:48:10,"cmd: SitFlush: Begin"
2026-08-03 15:47:16,"cmd: SitFlush: Begin"
2026-08-03 15:46:23,"cmd: SitFlush: Begin"
2026-08-03 15:45:28,"cmd: SitFlush: Begin"
2026-08-03 15:44:34,"cmd: SitFlush: Begin"
2026-08-03 15:43:37,"cmd: SitFlush: Begin"
2026-08-03 15:41:40,"cmd: SitFlush: Begin"
2026-08-03 15:40:53,"cmd: SitFlush: Begin"
2026-08-03 15:38:18,"cmd: SitFlush: Begin"
2026-08-03 15:37:19,"cmd: SitFlush: Begin"
2026-08-03 15:36:43,"cmd: SitFlush: Begin"
2026-08-03 14:17:18,"cmd: SitFlush: Begin"
2026-08-03 14:13:24,"cmd: SitFlush: Begin"
2026-08-03 14:01:27,"cmd: SitFlush: Begin"
2026-08-03 14:00:50,"cmd: SitFlush: Begin"
2026-08-03 14:00:03,"cmd: SitFlush: Begin"
2026-08-03 13:57:52,"cmd: SitFlush: Begin"
2026-08-03 13:57:17,"cmd: SitFlush: Begin"
2026-08-03 13:56:43,"cmd: SitFlush: Begin"
2026-08-03 13:55:56,"cmd: SitFlush: Begin"
2026-08-03 13:51:33,"cmd: SitFlush: Begin"
2026-08-03 13:48:21,"cmd: SitFlush: Begin"
2026-08-03 13:47:38,"cmd: SitFlush: Begin"
2026-08-03 13:45:44,"cmd: SitFlush: Begin"
2026-08-03 13:45:12,"cmd: SitFlush: Begin"
2026-08-03 13:44:26,"cmd: SitFlush: Begin"
2026-08-03 13:43:44,"cmd: SitFlush: Begin"
2026-08-03 12:34:53,"cmd: SitFlush: Begin"
2026-08-03 12:33:27,"cmd: SitFlush: Begin"
2026-08-03 12:32:50,"cmd: SitFlush: Begin"
2026-08-03 12:32:01,"cmd: SitFlush: Begin"
2026-08-03 11:54:15,"cmd: SitFlush: Begin"
2026-08-03 11:52:56,"cmd: SitFlush: Begin"
2026-08-03 11:51:34,"cmd: SitFlush: Begin"
2026-08-03 11:50:14,"cmd: SitFlush: Begin"
2026-08-03 11:48:51,"cmd: SitFlush: Begin"
2026-08-03 11:47:35,"cmd: SitFlush: Begin"
2026-08-03 11:46:13,"cmd: SitFlush: Begin"
2026-08-03 11:44:51,"cmd: SitFlush: Begin"
2026-08-03 11:43:30,"cmd: SitFlush: Begin"
2026-08-03 11:36:47,"cmd: SitFlush: Begin"
2026-08-03 10:57:35,"cmd: SitFlush: Begin"
2026-08-03 10:47:13,"cmd: SitFlush: Begin"
2026-08-03 10:36:54,"cmd: SitFlush: Begin"
2026-08-03 10:26:36,"cmd: SitFlush: Begin"
2026-08-03 10:16:10,"cmd: SitFlush: Begin"
2026-08-03 10:05:39,"cmd: SitFlush: Begin"
2026-08-03 10:02:55,"cmd: SitFlush: Begin"
2026-08-03 09:49:42,"cmd: SitFlush: Begin"
2026-08-03 09:45:04,"cmd: SitFlush: Begin"
2026-08-03 09:43:12,"cmd: SitFlush: Begin"
2026-08-03 09:42:05,"cmd: SitFlush: Begin"
2026-08-03 09:39:09,"cmd: SitFlush: Begin"
2026-08-03 09:38:11,"cmd: SitFlush: Begin"
2026-08-03 09:35:40,"cmd: SitFlush: Begin"
2026-08-03 09:32:13,"cmd: SitFlush: Begin"
2026-08-03 09:31:07,"cmd: SitFlush: Begin"
2026-08-03 08:59:56,"cmd: SitFlush: Begin"
