"DateTime","FSC-Gain","SSC-Gain","SSC-B-Gain","UV1-Gain","UV2-Gain","UV3-Gain","UV4-Gain","UV5-Gain","UV6-Gain","UV7-Gain","UV8-Gain","UV9-Gain","UV10-Gain","UV11-Gain","UV12-Gain","UV13-Gain","UV14-Gain","UV15-Gain","UV16-Gain","V1-Gain","V2-Gain","V3-Gain","V4-Gain","V5-Gain","V6-Gain","V7-Gain","V8-Gain","V9-Gain","V10-Gain","V11-Gain","V12-Gain","V13-Gain","V14-Gain","V15-Gain","V16-Gain","B1-Gain","B2-Gain","B3-Gain","B4-Gain","B5-Gain","B6-Gain","B7-Gain","B8-Gain","B9-Gain","B10-Gain","B11-Gain","B12-Gain","B13-Gain","B14-Gain","YG1-Gain","YG2-Gain","YG3-Gain","YG4-Gain","YG5-Gain","YG6-Gain","YG7-Gain","YG8-Gain","YG9-Gain","YG10-Gain","R1-Gain","R2-Gain","R3-Gain","R4-Gain","R5-Gain","R6-Gain","R7-Gain","R8-Gain","Flag-FSC-Gain","Flag-SSC-Gain","Flag-SSC-B-Gain","Flag-UV1-Gain","Flag-UV2-Gain","Flag-UV3-Gain","Flag-UV4-Gain","Flag-UV5-Gain","Flag-UV6-Gain","Flag-UV7-Gain","Flag-UV8-Gain","Flag-UV9-Gain","Flag-UV10-Gain","Flag-UV11-Gain","Flag-UV12-Gain","Flag-UV13-Gain","Flag-UV14-Gain","Flag-UV15-Gain","Flag-UV16-Gain","Flag-V1-Gain","Flag-V2-Gain","Flag-V3-Gain","Flag-V4-Gain","Flag-V5-Gain","Flag-V6-Gain","Flag-V7-Gain","Flag-V8-Gain","Flag-V9-Gain","Flag-V10-Gain","Flag-V11-Gain","Flag-V12-Gain","Flag-V13-Gain","Flag-V14-Gain","Flag-V15-Gain","Flag-V16-Gain","Flag-B1-Gain","Flag-B2-Gain","Flag-B3-Gain","Flag-B4-Gain","Flag-B5-Gain","Flag-B6-Gain","Flag-B7-Gain","Flag-B8-Gain","Flag-B9-Gain","Flag-B10-Gain","Flag-B11-Gain","Flag-B12-Gain","Flag-B13-Gain","Flag-B14-Gain","Flag-YG1-Gain","Flag-YG2-Gain","Flag-YG3-Gain","Flag-YG4-Gain","Flag-YG5-Gain","Flag-YG6-Gain","Flag-YG7-Gain","Flag-YG8-Gain","Flag-YG9-Gain","Flag-YG10-Gain","Flag-R1-Gain","Flag-R2-Gain","Flag-R3-Gain","Flag-R4-Gain","Flag-R5-Gain","Flag-R6-Gain","Flag-R7-Gain","Flag-R8-Gain","FSC-% rCV","SSC-% rCV","SSC-B-% rCV","UV1-% rCV","UV2-% rCV","UV3-% rCV","UV4-% rCV","UV5-% rCV","UV6-% rCV","UV7-% rCV","UV8-% rCV","UV9-% rCV","UV10-% rCV","UV11-% rCV","UV12-% rCV","UV13-% rCV","UV14-% rCV","UV15-% rCV","UV16-% rCV","V1-% rCV","V2-% rCV","V3-% rCV","V4-% rCV","V5-% rCV","V6-% rCV","V7-% rCV","V8-% rCV","V9-% rCV","V10-% rCV","V11-% rCV","V12-% rCV","V13-% rCV","V14-% rCV","V15-% rCV","V16-% rCV","B1-% rCV","B2-% rCV","B3-% rCV","B4-% rCV","B5-% rCV","B6-% rCV","B7-% rCV","B8-% rCV","B9-% rCV","B10-% rCV","B11-% rCV","B12-% rCV","B13-% rCV","B14-% rCV","YG1-% rCV","YG2-% rCV","YG3-% rCV","YG4-% rCV","YG5-% rCV","YG6-% rCV","YG7-% rCV","YG8-% rCV","YG9-% rCV","YG10-% rCV","R1-% rCV","R2-% rCV","R3-% rCV","R4-% rCV","R5-% rCV","R6-% rCV","R7-% rCV","R8-% rCV","Flag-FSC-% rCV","Flag-SSC-% rCV","Flag-SSC-B-% rCV","Flag-UV1-% rCV","Flag-UV2-% rCV","Flag-UV3-% rCV","Flag-UV4-% rCV","Flag-UV5-% rCV","Flag-UV6-% rCV","Flag-UV7-% rCV","Flag-UV8-% rCV","Flag-UV9-% rCV","Flag-UV10-% rCV","Flag-UV11-% rCV","Flag-UV12-% rCV","Flag-UV13-% rCV","Flag-UV14-% rCV","Flag-UV15-% rCV","Flag-UV16-% rCV","Flag-V1-% rCV","Flag-V2-% rCV","Flag-V3-% rCV","Flag-V4-% rCV","Flag-V5-% rCV","Flag-V6-% rCV","Flag-V7-% rCV","Flag-V8-% rCV","Flag-V9-% rCV","Flag-V10-% rCV","Flag-V11-% rCV","Flag-V12-% rCV","Flag-V13-% rCV","Flag-V14-% rCV","Flag-V15-% rCV","Flag-V16-% rCV","Flag-B1-% rCV","Flag-B2-% rCV","Flag-B3-% rCV","Flag-B4-% rCV","Flag-B5-% rCV","Flag-B6-% rCV","Flag-B7-% rCV","Flag-B8-% rCV","Flag-B9-% rCV","Flag-B10-% rCV","Flag-B11-% rCV","Flag-B12-% rCV","Flag-B13-% rCV","Flag-B14-% rCV","Flag-YG1-% rCV","Flag-YG2-% rCV","Flag-YG3-% rCV","Flag-YG4-% rCV","Flag-YG5-% rCV","Flag-YG6-% rCV","Flag-YG7-% rCV","Flag-YG8-% rCV","Flag-YG9-% rCV","Flag-YG10-% rCV","Flag-R1-% rCV","Flag-R2-% rCV","Flag-R3-% rCV","Flag-R4-% rCV","Flag-R5-% rCV","Flag-R6-% rCV","Flag-R7-% rCV","Flag-R8-% rCV","YellowGreen-Laser Delay","Violet-Laser Delay","Blue-Laser Delay","Red-Laser Delay","UV-Laser Delay","Flag-YellowGreen-Laser Delay","Flag-Violet-Laser Delay","Flag-Blue-Laser Delay","Flag-Red-Laser Delay","Flag-UV-Laser Delay","YellowGreen-Area Scaling Factor","Violet-Area Scaling Factor","Blue-Area Scaling Factor","Red-Area Scaling Factor","UV-Area Scaling Factor","Flag-YellowGreen-Area Scaling Factor","Flag-Violet-Area Scaling Factor","Flag-Blue-Area Scaling Factor","Flag-Red-Area Scaling Factor","Flag-UV-Area Scaling Factor","YellowGreen-Laser Power","Violet-Laser Power","Blue-Laser Power","Red-Laser Power","UV-Laser Power","Flag-YellowGreen-Laser Power","Flag-Violet-Laser Power","Flag-Blue-Laser Power","Flag-Red-Laser Power","Flag-UV-Laser Power","FSCAreaScalingFactor","Flag-FSCAreaScalingFactor","FlowRate","Flag-FlowRate","Temperature","Flag-Temperature"
2026-08-19 08:51:34,337,249,229,1578,501,348,279,381,434,634,495,659,430,548,531,749,1214,957,1414,214,350,284,206,229,243,325,398,395,400,305,266,261,393,450,420,610,427,383,369,284,274,617,363,585,540,440,378,545,708,385,328,227,424,379,474,316,282,431,399,183,156,265,275,196,210,319,241,FALSE,FALSE,FALSE,FALSE,FALSE,FALSE,FALSE,FALSE,FALSE,FALSE,FALSE,FALSE,FALSE,FALSE,FALSE,FALSE,FALSE,FALSE,FALSE,FALSE,FALSE,FALSE,FALSE,FALSE,FALSE,FALSE,FALSE,FALSE,FALSE,FALSE,FALSE,FALSE,FALSE,FALSE,FALSE,FALSE,FALSE,FALSE,FALSE,FALSE,FALSE,FALSE,FALSE,FALSE,FALSE,FALSE,FALSE,FALSE,FALSE,FALSE,FALSE,FALSE,FALSE,FALSE,FALSE,FALSE,FALSE,FALSE,FALSE,FALSE,FALSE,FALSE,FALSE,FALSE,FALSE,FALSE,FALSE,1.671917,1.220811,3.819232,2.169927,0.9270428,1.363737,1.313882,1.402504,1.44793,1.555633,1.494462,1.546132,1.262497,1.27161,2.433188,3.451213,3.795524,4.140482,4.444394,1.252176,1.190379,1.217494,1.184545,1.151209,1.149023,1.188457,1.383915,1.15907,1.014701,0.9732894,1.574254,2.582264,2.94778,3.29918,3.479218,1.961091,1.913163,1.890182,1.866676,1.756627,1.724874,1.615513,1.633367,2.240353,2.810885,3.121382,3.268114,3.683554,3.662492,1.499348,1.353299,1.486601,1.508603,1.890576,2.902595,3.71389,4.125017,4.444883,4.601675,1.494131,2.089284,3.406107,4.020586,4.259371,4.208159,4.419261,4.575725,FALSE,FALSE,FALSE,FALSE,FALSE,FALSE,FALSE,FALSE,FALSE,FALSE,FALSE,FALSE,FALSE,FALSE,FALSE,FALSE,FALSE,FALSE,FALSE,FALSE,FALSE,FALSE,FALSE,FALSE,FALSE,FALSE,FALSE,FALSE,FALSE,FALSE,FALSE,FALSE,FALSE,FALSE,FALSE,FALSE,FALSE,FALSE,FALSE,FALSE,FALSE,FALSE,FALSE,FALSE,FALSE,FALSE,FALSE,FALSE,FALSE,FALSE,FALSE,FALSE,FALSE,FALSE,FALSE,FALSE,FALSE,FALSE,FALSE,FALSE,FALSE,FALSE,FALSE,FALSE,FALSE,FALSE,FALSE,-40.1,-19.425,0,21.025,39.45,FALSE,FALSE,FALSE,FALSE,FALSE,1.150992,1.032715,1.096305,1.043505,0.8861148,FALSE,FALSE,FALSE,FALSE,FALSE,51.1075,78.765,82.42751,69.276,0,FALSE,FALSE,FALSE,FALSE,FALSE,1.140198,FALSE,8.59,FALSE,23.88,FALSE
2026-08-18 09:24:50,337,250,231,1582,497,348,279,382,432,644,498,664,434,545,505,705,1155,894,1316,214,353,287,207,233,246,330,405,400,399,309,259,247,366,417,388,628,431,393,381,290,278,627,365,567,523,420,357,513,661,394,326,223,420,365,449,292,259,393,361,189,152,248,255,180,192,293,218,FALSE,FALSE,FALSE,FALSE,FALSE,FALSE,FALSE,FALSE,FALSE,FALSE,FALSE,FALSE,FALSE,FALSE,FALSE,FALSE,FALSE,FALSE,FALSE,FALSE,FALSE,FALSE,FALSE,FALSE,FALSE,FALSE,FALSE,FALSE,FALSE,FALSE,FALSE,FALSE,FALSE,FALSE,FALSE,FALSE,FALSE,FALSE,FALSE,FALSE,FALSE,FALSE,FALSE,FALSE,FALSE,FALSE,FALSE,FALSE,FALSE,FALSE,FALSE,FALSE,FALSE,FALSE,FALSE,FALSE,FALSE,FALSE,FALSE,FALSE,FALSE,FALSE,FALSE,FALSE,FALSE,FALSE,FALSE,1.674089,1.21391,3.812736,2.17429,0.9636574,1.428869,1.404058,1.500896,1.567391,1.68798,1.581275,1.524397,1.327082,1.284953,1.345646,1.461596,1.597223,1.720291,2.129126,1.058582,1.013488,1.066386,1.044392,0.9920402,0.9832066,0.9157767,0.860497,0.817004,0.8254995,0.84369,0.9048656,0.9598079,1.023573,1.078308,1.225563,1.910931,1.819118,1.699943,1.610789,1.601864,1.663305,1.575646,1.660389,1.703521,1.622196,1.872802,1.672678,1.904934,1.918359,1.390461,1.293513,1.364374,1.290938,1.331553,1.448176,1.43139,1.486636,1.569506,1.552467,1.250753,1.151856,1.169712,1.044991,1.24633,1.044613,1.196108,1.178358,FALSE,FALSE,FALSE,FALSE,FALSE,FALSE,FALSE,FALSE,FALSE,FALSE,FALSE,FALSE,FALSE,FALSE,FALSE,FALSE,FALSE,FALSE,FALSE,FALSE,FALSE,FALSE,FALSE,FALSE,FALSE,FALSE,FALSE,FALSE,FALSE,FALSE,FALSE,FALSE,FALSE,FALSE,FALSE,FALSE,FALSE,FALSE,FALSE,FALSE,FALSE,FALSE,FALSE,FALSE,FALSE,FALSE,FALSE,FALSE,FALSE,FALSE,FALSE,FALSE,FALSE,FALSE,FALSE,FALSE,FALSE,FALSE,FALSE,FALSE,FALSE,FALSE,FALSE,FALSE,FALSE,FALSE,FALSE,-40.1,-19.425,0,21.05,39.5,FALSE,FALSE,FALSE,FALSE,FALSE,1.147182,1.032865,1.092068,1.048422,0.8905468,FALSE,FALSE,FALSE,FALSE,FALSE,51.0875,78.765,82.42751,69.228,0,FALSE,FALSE,FALSE,FALSE,FALSE,1.135583,FALSE,9.51,FALSE,24.38,FALSE
2026-08-17 08:58:06,337,248,227,1590,507,357,285,389,441,650,504,673,448,550,522,731,1199,924,1372,214,351,283,207,230,245,328,405,401,400,306,264,252,372,428,396,616,427,388,374,287,278,614,365,575,530,424,364,523,671,395,336,231,424,378,465,304,270,410,381,179,152,254,262,183,196,297,224,FALSE,FALSE,FALSE,FALSE,FALSE,FALSE,FALSE,FALSE,FALSE,FALSE,FALSE,FALSE,FALSE,FALSE,FALSE,FALSE,FALSE,FALSE,FALSE,FALSE,FALSE,FALSE,FALSE,FALSE,FALSE,FALSE,FALSE,FALSE,FALSE,FALSE,FALSE,FALSE,FALSE,FALSE,FALSE,FALSE,FALSE,FALSE,FALSE,FALSE,FALSE,FALSE,FALSE,FALSE,FALSE,FALSE,FALSE,FALSE,FALSE,FALSE,FALSE,FALSE,FALSE,FALSE,FALSE,FALSE,FALSE,FALSE,FALSE,FALSE,FALSE,FALSE,FALSE,FALSE,FALSE,FALSE,FALSE,1.705061,1.300347,3.841089,2.254484,1.068675,1.470841,1.466753,1.555053,1.62471,1.771592,1.78646,1.824648,1.493303,1.361565,2.457678,3.597949,4.044298,4.384164,4.742557,1.389816,1.312514,1.326625,1.313674,1.276492,1.286381,1.32579,1.533605,1.352404,1.227413,1.112464,1.790428,2.980412,3.468265,3.724732,3.959369,2.002877,1.943611,1.927617,1.93236,1.837774,1.801133,1.6717,1.662367,2.308364,2.977221,3.409672,3.49113,3.847764,3.937003,1.706454,1.478751,1.498126,1.407071,1.784136,2.780507,3.637412,4.153464,4.441583,4.626705,1.421119,2.114197,3.474063,4.144608,4.521692,4.551781,4.640841,4.905118,FALSE,FALSE,FALSE,FALSE,FALSE,FALSE,FALSE,FALSE,FALSE,FALSE,FALSE,FALSE,FALSE,FALSE,FALSE,FALSE,FALSE,FALSE,FALSE,FALSE,FALSE,FALSE,FALSE,FALSE,FALSE,FALSE,FALSE,FALSE,FALSE,FALSE,FALSE,FALSE,FALSE,FALSE,FALSE,FALSE,FALSE,FALSE,FALSE,FALSE,FALSE,FALSE,FALSE,FALSE,FALSE,FALSE,FALSE,FALSE,FALSE,FALSE,FALSE,FALSE,FALSE,FALSE,FALSE,FALSE,FALSE,FALSE,FALSE,FALSE,FALSE,FALSE,FALSE,FALSE,FALSE,FALSE,FALSE,-40.15,-19.425,0,21,39.45,FALSE,FALSE,FALSE,FALSE,FALSE,1.151124,1.032639,1.09489,1.043645,0.8955391,FALSE,FALSE,FALSE,FALSE,FALSE,51.0875,78.765,82.42751,69.276,0,FALSE,FALSE,FALSE,FALSE,FALSE,1.139083,FALSE,8.74,FALSE,23.75,FALSE
2026-08-14 09:00:07,337,250,228,1620,513,359,290,392,448,655,501,669,444,555,550,772,1264,1001,1474,215,352,284,206,229,243,325,398,395,399,306,270,267,399,462,430,603,423,381,364,280,274,612,362,589,550,445,383,553,716,386,335,232,425,381,487,325,292,448,412,177,157,272,283,200,215,328,247,FALSE,FALSE,FALSE,FALSE,FALSE,FALSE,FALSE,FALSE,FALSE,FALSE,FALSE,FALSE,FALSE,FALSE,FALSE,FALSE,FALSE,FALSE,FALSE,FALSE,FALSE,FALSE,FALSE,FALSE,FALSE,FALSE,FALSE,FALSE,FALSE,FALSE,FALSE,FALSE,FALSE,FALSE,FALSE,FALSE,FALSE,FALSE,FALSE,FALSE,FALSE,FALSE,FALSE,FALSE,FALSE,FALSE,FALSE,FALSE,FALSE,FALSE,FALSE,FALSE,FALSE,FALSE,FALSE,FALSE,FALSE,FALSE,FALSE,FALSE,FALSE,FALSE,FALSE,FALSE,FALSE,FALSE,FALSE,1.657793,1.203338,3.84226,2.262746,1.060488,1.467898,1.384712,1.46397,1.528667,1.625727,1.610158,1.651455,1.365004,1.364831,2.402987,3.316563,3.733535,4.112822,4.339877,1.1376,1.077765,1.101083,1.09375,1.064146,1.069708,1.115407,1.289034,1.081641,0.9434649,0.9106727,1.461223,2.539111,2.92673,3.238233,3.448735,1.908278,1.869174,1.82319,1.829104,1.722863,1.687681,1.58426,1.615791,2.225665,2.79917,3.147459,3.236444,3.626572,3.706455,1.477102,1.347433,1.443222,1.442221,1.82064,2.786237,3.560276,3.962574,4.291871,4.42989,1.456128,2.050613,3.274621,3.845528,4.127794,4.086042,4.280316,4.454781,FALSE,FALSE,FALSE,FALSE,FALSE,FALSE,FALSE,FALSE,FALSE,FALSE,FALSE,FALSE,FALSE,FALSE,FALSE,FALSE,FALSE,FALSE,FALSE,FALSE,FALSE,FALSE,FALSE,FALSE,FALSE,FALSE,FALSE,FALSE,FALSE,FALSE,FALSE,FALSE,FALSE,FALSE,FALSE,FALSE,FALSE,FALSE,FALSE,FALSE,FALSE,FALSE,FALSE,FALSE,FALSE,FALSE,FALSE,FALSE,FALSE,FALSE,FALSE,FALSE,FALSE,FALSE,FALSE,FALSE,FALSE,FALSE,FALSE,FALSE,FALSE,FALSE,FALSE,FALSE,FALSE,FALSE,FALSE,-40.075,-19.4,0,21.025,39.45,FALSE,FALSE,FALSE,FALSE,FALSE,1.153327,1.033095,1.098115,1.039623,0.8943464,FALSE,FALSE,FALSE,FALSE,FALSE,51.0875,78.765,82.42751,69.228,0,FALSE,FALSE,FALSE,FALSE,FALSE,1.142575,FALSE,8.19,FALSE,23.88,FALSE
2026-08-13 08:59:25,337,249,227,1629,514,358,289,392,445,660,514,684,452,552,530,729,1185,933,1384,215,351,284,207,231,244,328,402,402,405,308,263,251,373,429,398,608,425,386,372,285,277,609,361,567,520,419,359,516,666,395,339,232,422,374,465,306,272,413,379,173,152,255,263,182,197,301,224,FALSE,FALSE,FALSE,FALSE,FALSE,FALSE,FALSE,FALSE,FALSE,FALSE,FALSE,FALSE,FALSE,FALSE,FALSE,FALSE,FALSE,FALSE,FALSE,FALSE,FALSE,FALSE,FALSE,FALSE,FALSE,FALSE,FALSE,FALSE,FALSE,FALSE,FALSE,FALSE,FALSE,FALSE,FALSE,FALSE,FALSE,FALSE,FALSE,FALSE,FALSE,FALSE,FALSE,FALSE,FALSE,FALSE,FALSE,FALSE,FALSE,FALSE,FALSE,FALSE,FALSE,FALSE,FALSE,FALSE,FALSE,FALSE,FALSE,FALSE,FALSE,FALSE,FALSE,FALSE,FALSE,FALSE,FALSE,1.709075,1.248617,3.786946,2.220169,0.961149,1.408183,1.383141,1.48341,1.541628,1.667045,1.609788,1.57598,1.339409,1.249724,1.854638,2.464788,2.799917,2.942439,3.362151,1.307884,1.254216,1.307059,1.271342,1.244174,1.214822,1.176397,1.228128,1.104135,1.066363,1.018469,1.39188,1.842818,2.076068,2.217552,2.409705,1.908404,1.846539,1.765268,1.692113,1.671907,1.693257,1.595419,1.643592,1.938637,2.232697,2.53424,2.513287,2.788458,2.855713,1.489696,1.361653,1.379494,1.278315,1.468286,2.008931,2.402386,2.701326,2.884924,2.997749,1.322253,1.604746,2.235135,2.510936,2.80868,2.752298,2.852486,3.045071,FALSE,FALSE,FALSE,FALSE,FALSE,FALSE,FALSE,FALSE,FALSE,FALSE,FALSE,FALSE,FALSE,FALSE,FALSE,FALSE,FALSE,FALSE,FALSE,FALSE,FALSE,FALSE,FALSE,FALSE,FALSE,FALSE,FALSE,FALSE,FALSE,FALSE,FALSE,FALSE,FALSE,FALSE,FALSE,FALSE,FALSE,FALSE,FALSE,FALSE,FALSE,FALSE,FALSE,FALSE,FALSE,FALSE,FALSE,FALSE,FALSE,FALSE,FALSE,FALSE,FALSE,FALSE,FALSE,FALSE,FALSE,FALSE,FALSE,FALSE,FALSE,FALSE,FALSE,FALSE,FALSE,FALSE,FALSE,-40.1,-19.375,0,21.025,39.5,FALSE,FALSE,FALSE,FALSE,FALSE,1.154789,1.032822,1.099782,1.038154,0.8935676,FALSE,FALSE,FALSE,FALSE,FALSE,51.0875,78.765,82.42751,69.228,0,FALSE,FALSE,FALSE,FALSE,FALSE,1.144124,FALSE,10.1,FALSE,23.75,FALSE
2026-08-12 08:20:49,337,250,227,1583,507,357,288,391,447,658,506,664,438,555,529,738,1202,948,1411,215,350,284,206,231,244,325,399,394,391,308,261,253,379,435,407,609,425,386,369,280,271,614,362,575,527,427,366,529,681,385,320,221,419,368,454,304,271,412,384,189,155,258,267,190,203,310,234,FALSE,FALSE,FALSE,FALSE,FALSE,FALSE,FALSE,FALSE,FALSE,FALSE,FALSE,FALSE,FALSE,FALSE,FALSE,FALSE,FALSE,FALSE,FALSE,FALSE,FALSE,FALSE,FALSE,FALSE,FALSE,FALSE,FALSE,FALSE,FALSE,FALSE,FALSE,FALSE,FALSE,FALSE,FALSE,FALSE,FALSE,FALSE,FALSE,FALSE,FALSE,FALSE,FALSE,FALSE,FALSE,FALSE,FALSE,FALSE,FALSE,FALSE,FALSE,FALSE,FALSE,FALSE,FALSE,FALSE,FALSE,FALSE,FALSE,FALSE,FALSE,FALSE,FALSE,FALSE,FALSE,FALSE,FALSE,1.699534,1.271505,3.737724,2.294927,1.11795,1.516346,1.505557,1.586901,1.649193,1.777638,1.761618,1.728995,1.456173,1.400312,2.11009,2.86185,3.259161,3.490832,3.920949,1.343867,1.278,1.351024,1.334856,1.30142,1.296714,1.296811,1.333696,1.152135,1.083796,1.040502,1.549515,2.268093,2.553553,2.768117,2.936766,1.928283,1.890932,1.847809,1.783689,1.700307,1.695428,1.634958,1.633896,2.066285,2.495612,2.811487,2.815426,3.081151,3.188534,1.745993,1.556326,1.559243,1.452835,1.651063,2.281153,2.821862,3.124496,3.351527,3.450819,1.290654,1.722664,2.657037,3.085153,3.323564,3.303114,3.426854,3.550647,FALSE,FALSE,FALSE,FALSE,FALSE,FALSE,FALSE,FALSE,FALSE,FALSE,FALSE,FALSE,FALSE,FALSE,FALSE,FALSE,FALSE,FALSE,FALSE,FALSE,FALSE,FALSE,FALSE,FALSE,FALSE,FALSE,FALSE,FALSE,FALSE,FALSE,FALSE,FALSE,FALSE,FALSE,FALSE,FALSE,FALSE,FALSE,FALSE,FALSE,FALSE,FALSE,FALSE,FALSE,FALSE,FALSE,FALSE,FALSE,FALSE,FALSE,FALSE,FALSE,FALSE,FALSE,FALSE,FALSE,FALSE,FALSE,FALSE,FALSE,FALSE,FALSE,FALSE,FALSE,FALSE,FALSE,FALSE,-40.1,-19.375,0,20.975,39.425,FALSE,FALSE,FALSE,FALSE,FALSE,1.153134,1.033175,1.097781,1.039765,0.8925149,FALSE,FALSE,FALSE,FALSE,FALSE,51.0875,78.765,82.42751,69.228,0,FALSE,FALSE,FALSE,FALSE,FALSE,1.141871,FALSE,10.61,FALSE,23.62,FALSE
2026-08-11 09:00:40,337,249,229,1608,505,351,283,388,440,652,503,666,441,553,512,707,1145,897,1327,213,353,284,207,232,244,330,405,396,402,308,257,246,365,416,386,617,430,391,377,285,276,618,364,570,517,414,354,505,656,394,326,226,420,364,446,293,260,394,363,187,152,249,255,180,192,292,217,FALSE,FALSE,FALSE,FALSE,FALSE,FALSE,FALSE,FALSE,FALSE,FALSE,FALSE,FALSE,FALSE,FALSE,FALSE,FALSE,FALSE,FALSE,FALSE,FALSE,FALSE,FALSE,FALSE,FALSE,FALSE,FALSE,FALSE,FALSE,FALSE,FALSE,FALSE,FALSE,FALSE,FALSE,FALSE,FALSE,FALSE,FALSE,FALSE,FALSE,FALSE,FALSE,FALSE,FALSE,FALSE,FALSE,FALSE,FALSE,FALSE,FALSE,FALSE,FALSE,FALSE,FALSE,FALSE,FALSE,FALSE,FALSE,FALSE,FALSE,FALSE,FALSE,FALSE,FALSE,FALSE,FALSE,FALSE,1.66819,1.268178,3.751469,2.198335,0.9343383,1.422239,1.409554,1.493478,1.58409,1.708368,1.616643,1.516035,1.338606,1.26538,1.383836,1.570964,1.761444,1.878791,2.350677,1.326745,1.260972,1.31665,1.262239,1.198673,1.190152,1.098599,1.066927,0.9917642,1.018861,1.045026,1.164155,1.259042,1.326665,1.362473,1.56037,1.91504,1.80146,1.700984,1.601254,1.57303,1.633974,1.57062,1.617104,1.683748,1.644254,1.894665,1.713028,1.968361,1.980947,1.639939,1.547063,1.592808,1.442293,1.496629,1.626977,1.668875,1.721528,1.799734,1.841387,1.236755,1.203743,1.266144,1.176533,1.38279,1.175024,1.316364,1.344917,FALSE,FALSE,FALSE,FALSE,FALSE,FALSE,FALSE,FALSE,FALSE,FALSE,FALSE,FALSE,FALSE,FALSE,FALSE,FALSE,FALSE,FALSE,FALSE,FALSE,FALSE,FALSE,FALSE,FALSE,FALSE,FALSE,FALSE,FALSE,FALSE,FALSE,FALSE,FALSE,FALSE,FALSE,FALSE,FALSE,FALSE,FALSE,FALSE,FALSE,FALSE,FALSE,FALSE,FALSE,FALSE,FALSE,FALSE,FALSE,FALSE,FALSE,FALSE,FALSE,FALSE,FALSE,FALSE,FALSE,FALSE,FALSE,FALSE,FALSE,FALSE,FALSE,FALSE,FALSE,FALSE,FALSE,FALSE,-40,-19.325,0,21.025,39.5,FALSE,FALSE,FALSE,FALSE,FALSE,1.149643,1.033382,1.095526,1.044099,0.9004651,FALSE,FALSE,FALSE,FALSE,FALSE,51.0875,78.765,82.42751,69.228,0,FALSE,FALSE,FALSE,FALSE,FALSE,1.139337,FALSE,11.64,FALSE,24,FALSE
2026-08-10 08:54:58,337,248,227,1597,508,352,285,389,443,651,502,666,438,552,517,712,1161,897,1327,212,348,282,206,230,244,329,401,398,402,306,259,247,366,419,388,610,429,390,373,285,278,623,364,563,512,414,353,508,651,391,330,229,419,367,453,297,263,399,366,186,153,249,256,179,193,293,218,FALSE,FALSE,FALSE,FALSE,FALSE,FALSE,FALSE,FALSE,FALSE,FALSE,FALSE,FALSE,FALSE,FALSE,FALSE,FALSE,FALSE,FALSE,FALSE,FALSE,FALSE,FALSE,FALSE,FALSE,FALSE,FALSE,FALSE,FALSE,FALSE,FALSE,FALSE,FALSE,FALSE,FALSE,FALSE,FALSE,FALSE,FALSE,FALSE,FALSE,FALSE,FALSE,FALSE,FALSE,FALSE,FALSE,FALSE,FALSE,FALSE,FALSE,FALSE,FALSE,FALSE,FALSE,FALSE,FALSE,FALSE,FALSE,FALSE,FALSE,FALSE,FALSE,FALSE,FALSE,FALSE,FALSE,FALSE,1.733204,1.309076,3.830374,2.259595,0.9910368,1.510989,1.485675,1.576099,1.661653,1.773278,1.65111,1.595201,1.415105,1.342859,1.565629,1.807633,1.990516,2.118558,2.652808,1.569465,1.501001,1.521794,1.464043,1.399473,1.365518,1.279023,1.227125,1.17804,1.174087,1.214834,1.358307,1.446643,1.519302,1.593443,1.775012,1.934877,1.827729,1.746739,1.662064,1.63111,1.695048,1.644054,1.635544,1.793292,1.8667,2.129758,1.94225,2.248747,2.311416,1.585294,1.488489,1.516392,1.439934,1.500077,1.733108,1.826792,1.929351,2.026294,2.179619,1.266037,1.297096,1.520582,1.445676,1.675757,1.464181,1.629033,1.768335,FALSE,FALSE,FALSE,FALSE,FALSE,FALSE,FALSE,FALSE,FALSE,FALSE,FALSE,FALSE,FALSE,FALSE,FALSE,FALSE,FALSE,FALSE,FALSE,FALSE,FALSE,FALSE,FALSE,FALSE,FALSE,FALSE,FALSE,FALSE,FALSE,FALSE,FALSE,FALSE,FALSE,FALSE,FALSE,FALSE,FALSE,FALSE,FALSE,FALSE,FALSE,FALSE,FALSE,FALSE,FALSE,FALSE,FALSE,FALSE,FALSE,FALSE,FALSE,FALSE,FALSE,FALSE,FALSE,FALSE,FALSE,FALSE,FALSE,FALSE,FALSE,FALSE,FALSE,FALSE,FALSE,FALSE,FALSE,-40.125,-19.45,0,20.975,39.425,FALSE,FALSE,FALSE,FALSE,FALSE,1.149486,1.03333,1.095737,1.043396,0.9016911,FALSE,FALSE,FALSE,FALSE,FALSE,51.0875,78.765,82.42751,69.228,0,FALSE,FALSE,FALSE,FALSE,FALSE,1.139716,FALSE,11.17,FALSE,24,FALSE
2026-08-07 08:37:56,337,250,228,1592,504,352,283,384,439,649,502,666,440,545,530,737,1200,936,1388,214,353,284,206,230,245,326,400,401,407,306,267,258,384,440,410,617,425,386,371,285,277,620,363,577,535,430,370,532,687,394,336,235,423,377,472,312,278,423,390,177,154,260,269,190,204,311,233,FALSE,FALSE,FALSE,FALSE,FALSE,FALSE,FALSE,FALSE,FALSE,FALSE,FALSE,FALSE,FALSE,FALSE,FALSE,FALSE,FALSE,FALSE,FALSE,FALSE,FALSE,FALSE,FALSE,FALSE,FALSE,FALSE,FALSE,FALSE,FALSE,FALSE,FALSE,FALSE,FALSE,FALSE,FALSE,FALSE,FALSE,FALSE,FALSE,FALSE,FALSE,FALSE,FALSE,FALSE,FALSE,FALSE,FALSE,FALSE,FALSE,FALSE,FALSE,FALSE,FALSE,FALSE,FALSE,FALSE,FALSE,FALSE,FALSE,FALSE,FALSE,FALSE,FALSE,FALSE,FALSE,FALSE,FALSE,1.714289,1.286803,3.842153,2.27059,0.9951364,1.446988,1.409815,1.502101,1.583919,1.731921,1.721098,1.727943,1.386177,1.295929,2.411839,3.443462,3.900191,4.229884,4.507785,1.323488,1.267356,1.341167,1.32914,1.305322,1.290336,1.333256,1.502519,1.247318,1.129254,1.031834,1.662148,2.744843,3.135176,3.367752,3.629125,1.967804,1.976122,1.911933,1.90179,1.790071,1.751548,1.654057,1.676515,2.295251,2.879277,3.260437,3.327355,3.693816,3.808448,1.686959,1.517745,1.573111,1.525436,1.906575,2.862031,3.633688,4.067257,4.388122,4.553989,1.413681,2.057094,3.315197,3.942813,4.235216,4.245107,4.390322,4.605164,FALSE,FALSE,FALSE,FALSE,FALSE,FALSE,FALSE,FALSE,FALSE,FALSE,FALSE,FALSE,FALSE,FALSE,FALSE,FALSE,FALSE,FALSE,FALSE,FALSE,FALSE,FALSE,FALSE,FALSE,FALSE,FALSE,FALSE,FALSE,FALSE,FALSE,FALSE,FALSE,FALSE,FALSE,FALSE,FALSE,FALSE,FALSE,FALSE,FALSE,FALSE,FALSE,FALSE,FALSE,FALSE,FALSE,FALSE,FALSE,FALSE,FALSE,FALSE,FALSE,FALSE,FALSE,FALSE,FALSE,FALSE,FALSE,FALSE,FALSE,FALSE,FALSE,FALSE,FALSE,FALSE,FALSE,FALSE,-40.125,-19.375,0,20.975,39.475,FALSE,FALSE,FALSE,FALSE,FALSE,1.15232,1.03316,1.096981,1.0418,0.8985494,FALSE,FALSE,FALSE,FALSE,FALSE,51.0875,78.765,82.42751,69.228,0,FALSE,FALSE,FALSE,FALSE,FALSE,1.141199,FALSE,10.6,FALSE,23.88,FALSE
2026-08-06 09:13:55,337,248,228,1581,501,348,282,385,437,640,497,671,440,548,513,710,1141,901,1323,214,352,284,207,231,245,327,404,400,400,306,261,249,369,423,390,615,428,391,377,288,279,621,362,575,520,415,355,510,655,397,338,233,419,374,455,299,265,402,369,178,152,251,257,180,194,295,219,FALSE,FALSE,FALSE,FALSE,FALSE,FALSE,FALSE,FALSE,FALSE,FALSE,FALSE,FALSE,FALSE,FALSE,FALSE,FALSE,FALSE,FALSE,FALSE,FALSE,FALSE,FALSE,FALSE,FALSE,FALSE,FALSE,FALSE,FALSE,FALSE,FALSE,FALSE,FALSE,FALSE,FALSE,FALSE,FALSE,FALSE,FALSE,FALSE,FALSE,FALSE,FALSE,FALSE,FALSE,FALSE,FALSE,FALSE,FALSE,FALSE,FALSE,FALSE,FALSE,FALSE,FALSE,FALSE,FALSE,FALSE,FALSE,FALSE,FALSE,FALSE,FALSE,FALSE,FALSE,FALSE,FALSE,FALSE,1.710424,1.258559,3.77788,2.244416,1.023616,1.535788,1.575474,1.670039,1.764756,1.897536,1.810694,1.695738,1.492014,1.355168,1.409292,1.542385,1.647943,1.803862,2.232032,1.345362,1.331027,1.4147,1.392048,1.328015,1.295066,1.202076,1.085508,1.002147,1.018859,1.044136,1.100061,1.15658,1.236412,1.275394,1.391254,1.935398,1.841285,1.709486,1.614699,1.602321,1.650866,1.585651,1.614145,1.644535,1.612801,1.826435,1.62859,1.879151,1.915955,1.593727,1.489931,1.513526,1.407457,1.442916,1.554853,1.564666,1.626902,1.688475,1.706747,1.240579,1.167494,1.156302,1.049508,1.256538,1.03112,1.182668,1.173345,FALSE,FALSE,FALSE,FALSE,FALSE,FALSE,FALSE,FALSE,FALSE,FALSE,FALSE,FALSE,FALSE,FALSE,FALSE,FALSE,FALSE,FALSE,FALSE,FALSE,FALSE,FALSE,FALSE,FALSE,FALSE,FALSE,FALSE,FALSE,FALSE,FALSE,FALSE,FALSE,FALSE,FALSE,FALSE,FALSE,FALSE,FALSE,FALSE,FALSE,FALSE,FALSE,FALSE,FALSE,FALSE,FALSE,FALSE,FALSE,FALSE,FALSE,FALSE,FALSE,FALSE,FALSE,FALSE,FALSE,FALSE,FALSE,FALSE,FALSE,FALSE,FALSE,FALSE,FALSE,FALSE,FALSE,FALSE,-40.1,-19.45,0,21.025,39.5,FALSE,FALSE,FALSE,FALSE,FALSE,1.149307,1.032811,1.096255,1.044682,0.9028744,FALSE,FALSE,FALSE,FALSE,FALSE,51.0875,78.825,82.42751,69.276,0,FALSE,FALSE,FALSE,FALSE,FALSE,1.140282,FALSE,12.18,FALSE,24.25,FALSE
2026-08-05 08:56:07,337,250,229,1576,495,348,277,379,433,635,500,663,430,544,509,705,1142,890,1326,213,351,285,206,230,243,327,405,397,402,309,260,248,368,420,389,620,428,391,378,288,276,629,365,574,520,420,358,516,665,396,328,226,423,370,452,298,265,400,370,187,152,251,259,182,194,296,221,FALSE,FALSE,FALSE,FALSE,FALSE,FALSE,FALSE,FALSE,FALSE,FALSE,FALSE,FALSE,FALSE,FALSE,FALSE,FALSE,FALSE,FALSE,FALSE,FALSE,FALSE,FALSE,FALSE,FALSE,FALSE,FALSE,FALSE,FALSE,FALSE,FALSE,FALSE,FALSE,FALSE,FALSE,FALSE,FALSE,FALSE,FALSE,FALSE,FALSE,FALSE,FALSE,FALSE,FALSE,FALSE,FALSE,FALSE,FALSE,FALSE,FALSE,FALSE,FALSE,FALSE,FALSE,FALSE,FALSE,FALSE,FALSE,FALSE,FALSE,FALSE,FALSE,FALSE,FALSE,FALSE,FALSE,FALSE,1.709029,1.265898,3.842714,2.195331,0.9657996,1.45766,1.477473,1.567827,1.678337,1.813856,1.760509,1.706156,1.444816,1.297776,1.784445,2.347106,2.676905,2.855122,3.322814,1.321405,1.314349,1.399566,1.403397,1.346102,1.331488,1.303948,1.325111,1.167317,1.137274,1.049145,1.269832,1.727036,1.997647,2.100991,2.425819,1.959872,1.924236,1.84443,1.801969,1.750915,1.739266,1.6632,1.646299,1.881275,2.156016,2.480935,2.415017,2.644306,2.812486,1.67103,1.543449,1.566135,1.425794,1.59867,2.1202,2.507422,2.804031,2.990916,3.175879,1.265999,1.467306,2.162424,2.444219,2.724416,2.642152,2.751312,3.076558,FALSE,FALSE,FALSE,FALSE,FALSE,FALSE,FALSE,FALSE,FALSE,FALSE,FALSE,FALSE,FALSE,FALSE,FALSE,FALSE,FALSE,FALSE,FALSE,FALSE,FALSE,FALSE,FALSE,FALSE,FALSE,FALSE,FALSE,FALSE,FALSE,FALSE,FALSE,FALSE,FALSE,FALSE,FALSE,FALSE,FALSE,FALSE,FALSE,FALSE,FALSE,FALSE,FALSE,FALSE,FALSE,FALSE,FALSE,FALSE,FALSE,FALSE,FALSE,FALSE,FALSE,FALSE,FALSE,FALSE,FALSE,FALSE,FALSE,FALSE,FALSE,FALSE,FALSE,FALSE,FALSE,FALSE,FALSE,-40.075,-19.4,0,20.975,39.425,FALSE,FALSE,FALSE,FALSE,FALSE,1.150252,1.033269,1.097401,1.042948,0.9010743,FALSE,FALSE,FALSE,FALSE,FALSE,51.0875,78.765,82.42751,69.228,0,FALSE,FALSE,FALSE,FALSE,FALSE,1.141654,FALSE,13.09,FALSE,24.12,FALSE
2026-08-04 09:35:05,337,250,229,1576,495,348,277,379,433,635,500,663,430,544,509,705,1142,890,1326,213,351,285,206,230,243,327,405,397,402,309,260,248,368,420,389,620,428,391,378,288,276,629,365,574,520,420,358,516,665,396,328,226,423,370,452,298,265,400,370,187,152,251,259,182,194,296,221,FALSE,FALSE,FALSE,FALSE,FALSE,FALSE,FALSE,FALSE,FALSE,FALSE,FALSE,FALSE,FALSE,FALSE,FALSE,FALSE,FALSE,FALSE,FALSE,FALSE,FALSE,FALSE,FALSE,FALSE,FALSE,FALSE,FALSE,FALSE,FALSE,FALSE,FALSE,FALSE,FALSE,FALSE,FALSE,FALSE,FALSE,FALSE,FALSE,FALSE,FALSE,FALSE,FALSE,FALSE,FALSE,FALSE,FALSE,FALSE,FALSE,FALSE,FALSE,FALSE,FALSE,FALSE,FALSE,FALSE,FALSE,FALSE,FALSE,FALSE,FALSE,FALSE,FALSE,FALSE,FALSE,FALSE,FALSE,1.680642,1.239558,3.788888,2.253417,1.018386,1.555029,1.604409,1.708113,1.778031,1.921348,1.81568,1.696599,1.518382,1.396742,1.437359,1.553642,1.698642,1.743995,2.218238,1.393169,1.347549,1.417026,1.37077,1.306763,1.288198,1.196688,1.091486,1.002786,1.00112,1.046343,1.130318,1.189741,1.275744,1.309344,1.467713,2.014217,1.869278,1.742596,1.646882,1.611165,1.645636,1.619754,1.646644,1.682857,1.643183,1.842384,1.644592,1.875521,1.898772,1.431765,1.347253,1.386074,1.290306,1.324162,1.434914,1.423813,1.475921,1.548916,1.561764,1.210002,1.146969,1.175851,1.053107,1.245381,1.03628,1.186592,1.195837,FALSE,FALSE,FALSE,FALSE,FALSE,FALSE,FALSE,FALSE,FALSE,FALSE,FALSE,FALSE,FALSE,FALSE,FALSE,FALSE,FALSE,FALSE,FALSE,FALSE,FALSE,FALSE,FALSE,FALSE,FALSE,FALSE,FALSE,FALSE,FALSE,FALSE,FALSE,FALSE,FALSE,FALSE,FALSE,FALSE,FALSE,FALSE,FALSE,FALSE,FALSE,FALSE,FALSE,FALSE,FALSE,FALSE,FALSE,FALSE,FALSE,FALSE,FALSE,FALSE,FALSE,FALSE,FALSE,FALSE,FALSE,FALSE,FALSE,FALSE,FALSE,FALSE,FALSE,FALSE,FALSE,FALSE,FALSE,-40.075,-19.425,0,20.925,39.35,FALSE,FALSE,FALSE,FALSE,FALSE,1.143056,1.034331,1.094089,1.052659,0.911896,FALSE,FALSE,FALSE,FALSE,FALSE,51.0875,78.825,82.42751,69.276,0,FALSE,FALSE,FALSE,FALSE,FALSE,1.137782,FALSE,14.53,FALSE,25.12,FALSE
2026-08-03 09:02:53,337,250,229,1576,495,348,277,379,433,635,500,663,430,544,509,705,1142,890,1326,213,351,285,206,230,243,327,405,397,402,309,260,248,368,420,389,620,428,391,378,288,276,629,365,574,520,420,358,516,665,396,328,226,423,370,452,298,265,400,370,187,152,251,259,182,194,296,221,FALSE,FALSE,FALSE,FALSE,FALSE,FALSE,FALSE,FALSE,FALSE,FALSE,FALSE,FALSE,FALSE,FALSE,FALSE,FALSE,FALSE,FALSE,FALSE,FALSE,FALSE,FALSE,FALSE,FALSE,FALSE,FALSE,FALSE,FALSE,FALSE,FALSE,FALSE,FALSE,FALSE,FALSE,FALSE,FALSE,FALSE,FALSE,FALSE,FALSE,FALSE,FALSE,FALSE,FALSE,FALSE,FALSE,FALSE,FALSE,FALSE,FALSE,FALSE,FALSE,FALSE,FALSE,FALSE,FALSE,FALSE,FALSE,FALSE,FALSE,FALSE,FALSE,FALSE,FALSE,FALSE,FALSE,FALSE,1.724143,1.34854,3.835696,2.254992,1.021016,1.530911,1.5746,1.678932,1.763593,1.857111,1.788564,1.708492,1.47546,1.373633,2.085914,2.744125,3.060826,3.30014,3.792024,1.561421,1.482173,1.53125,1.49618,1.439388,1.403679,1.378137,1.45988,1.379157,1.327325,1.263663,1.373946,1.983133,2.267224,2.422583,2.837971,2.029828,1.970056,1.964065,1.938659,1.851669,1.832952,1.731981,1.654957,2.010147,2.403447,2.747034,2.751701,3.064525,3.290078,1.51861,1.457848,1.515231,1.468737,1.787041,2.431879,2.884663,3.20646,3.436437,3.819456,1.340756,1.732904,2.557411,2.86157,3.242137,3.088522,3.263758,3.877144,FALSE,FALSE,FALSE,FALSE,FALSE,FALSE,FALSE,FALSE,FALSE,FALSE,FALSE,FALSE,FALSE,FALSE,FALSE,FALSE,FALSE,FALSE,FALSE,FALSE,FALSE,FALSE,FALSE,FALSE,FALSE,FALSE,FALSE,FALSE,FALSE,FALSE,FALSE,FALSE,FALSE,FALSE,FALSE,FALSE,FALSE,FALSE,FALSE,FALSE,FALSE,FALSE,FALSE,FALSE,FALSE,FALSE,FALSE,FALSE,FALSE,FALSE,FALSE,FALSE,FALSE,FALSE,FALSE,FALSE,FALSE,FALSE,FALSE,FALSE,FALSE,FALSE,FALSE,FALSE,FALSE,FALSE,FALSE,-40.15,-19.525,0,20.95,39.4,FALSE,FALSE,FALSE,FALSE,FALSE,1.145055,1.033827,1.092072,1.05248,0.9116807,FALSE,FALSE,FALSE,FALSE,FALSE,51.0875,78.765,82.42751,69.276,0,FALSE,FALSE,FALSE,FALSE,FALSE,1.135796,FALSE,11.9,FALSE,24.38,FALSE
